Geography,CountryCode,Country,RegionCode,Region,Code,Name,Average distance to nearest park or public garden or playing field (m),Median distance to nearest park or public garden or playing field (m),Average size of nearest park or public garden or playing field (m2),Median size of nearest park or public garden or playing field (m2),"Average number of parks or public gardens or playing fields within 1,000 m radius","Median number of parks or public gardens or playing fields within 1,000 m radius","Average combined size of parks or public gardens or playing fields within 1,000 m radius (m2)","Median combined size of parks or public gardens or playing fields within 1,000 m radius (m2)",Population,Average population per park or public garden or playing field,Median population per park or public garden or playing field,Number of flats within built up area,Number of flats in built up area with gardens,Average garden size for flats in built up area,Number of houses within built up area,Number of houses in built up area with gardens,Average garden size for houses in built up area
Local authority,E92000001,England,E12000008,South East,E07000212,Runnymede,373.3511727,286.501205,2035704.078,27735.3018,4.143563884,4,3169923.163,148364,88000,7185.398265,4398.578339,9649,6061.248942,660.5265017,25460,24846,369.9579482
Local authority,E92000001,England,E12000007,London,E09000021,Kingston upon Thames,365.8023429,331.91036,698215.8984,50643.1225,4.127523032,4,2097329.768,230292,175470,13883.93477,9110.781497,26797,18106.22,264.2165826,40423,40036,228.6937057
Local authority,E92000001,England,E12000006,East of England,E07000095,Broxbourne,311.463218,256.29475,569453.6462,28038.3885,5.415234482,6,2938562.602,309795,96876,8297.369962,4883.670707,11177,6496.861951,284.705345,29727,29307,204.9556955
Local authority,E92000001,England,E12000005,West Midlands,E07000192,Cannock Chase,352.4285579,300.62518,562236.6796,25995.9793,3.529046155,3,1911735.929,310869,100109,7927.674965,5644.104783,5338,3689.991861,315.5410843,37778,37127,245.0287551
Local authority,E92000001,England,E12000007,London,E09000032,Wandsworth,331.7139701,316.45694,515318.5619,90096.35865,5.208424012,4,1508606.854,893290,326474,35224.42212,25993.00645,107226,67368.00873,145.6176486,42987,42268,105.0702391
Local authority,E92000001,England,E12000004,East Midlands,E06000017,Rutland,608.1676354,369.199685,424859.1099,17937.00215,2.176486142,1,1125992.918,32446,39697,2851.452867,2243.941473,1426,814.6760924,606.9667503,13260,12449,438.0226502
Local authority,E92000001,England,E12000007,London,E09000027,Richmond upon Thames,286.8481615,258.288605,421256.0049,39059.10725,6.278998002,6,2515911.431,893905,196904,12467.36749,7630.171301,36879,27249.46703,239.0673471,48611,47882,179.5796301
Local authority,E92000001,England,E12000002,North West,E07000118,Chorley,418.6970015,342.28204,398572.794,21082.79635,2.789088433,3,1159956.031,621999,116821,11308.42002,4421.496881,5425,4037.249295,288.1835723,42793,41317,254.1801961
Local authority,E92000001,England,E12000008,South East,E06000040,Windsor and Maidenhead,344.4094619,277.807465,390078.6496,27765.0418,4.330245182,3,2641799.506,153942,150906,5254.141529,4092.822565,18018,11740.09858,537.4208693,44683,43291,414.1484292
Local authority,S92000003,Scotland,S15000001,Scotland,S12000011,East Renfrewshire,429.561548,362.873065,380186.9973,42458.03715,3.506079836,3,1411983.665,165212,95170,8698.818846,6864.201732,10209,6888.047294,500.8692591,28728,28165,314.0380497
Local authority,E92000001,England,E12000007,London,E09000007,Camden,307.0706149,299.29416,364898.3215,9051.11475,8.358595452,9,1362407.173,267541,262226,24100.45757,9365.162267,106291,61368.57762,182.3465095,12142,11209,137.1098324
Local authority,E92000001,England,E12000006,East of England,E07000072,Epping Forest,472.1350534,350.2756,310025.8522,32951.6865,3.068675432,3,1125818.054,113432,131137,7816.502263,6777.64095,13854,8164.02507,516.8506634,38275,37211,348.261864
Local authority,E92000001,England,E12000005,West Midlands,E07000236,Redditch,447.1146083,415.11296,308508.3889,26262.869,2.87373822,2,807837.0346,144765,84989,12350.9419,7885.937351,6388,4769.200252,243.5942269,30172,29766,204.7884984
Local authority,E92000001,England,E12000005,West Midlands,E08000025,Birmingham,356.5192437,326.577715,281076.9087,47596.4185,4.247295466,4,949603.3753,302079,1141374,17310.08654,11759.62475,126643,68142.78725,279.6388376,320506,316117,214.8083592
Local authority,E92000001,England,E12000007,London,E09000026,Redbridge,335.4100172,308.00162,253965.4537,105537.8004,4.495253405,4,915524.6872,614428,303858,26362.66819,17596.10388,37139,24927.62893,230.2070153,68484,67770,182.8114254
Local authority,E92000001,England,E12000002,North West,E08000002,Bury,338.100142,284.50836,244771.3335,26593.35615,4.875430334,5,890321.1141,198031,190108,8063.885397,5895.405229,14078,10037.29276,215.616594,69278,67940,183.8019418
Local authority,E92000001,England,E12000007,London,E09000033,Westminster,307.9046337,264.36716,244557.5455,8996.8176,6.553228368,8,1058237.295,1477416,255324,28020.52285,9850.824724,125076,77232.37319,99.17305416,10892,8508,86.8180892
Local authority,E92000001,England,E12000005,West Midlands,E07000194,Lichfield,518.6972247,392.74673,244116.7718,29668.16955,2.68698505,3,492750.9673,97961,101697,9180.537097,4752.107457,5850,3936.406008,427.5645861,35981,34697,339.0933913
Local authority,W92000004,Wales,W08000001,Wales,W06000004,Denbighshire,397.3443217,313.7467,232948.2365,16419.67,3.277526668,3,287596.5915,81836,84200,5090.691822,3004.483672,5405,3608.132711,313.2812679,31082,30271,310.7249161
Local authority,E92000001,England,E12000005,West Midlands,E08000029,Solihull,428.8978166,384.11129,221182.684,57605.23995,2.951339501,3,586303.3155,218020,214909,14412.54817,6381.624342,18482,10734.827,421.0589854,72904,71403,314.2393729
Local authority,E92000001,England,E12000005,West Midlands,E08000030,Walsall,367.2330047,322.02017,218241.0542,31805.1838,3.942761692,4,734890.5308,267473,283378,11554.36175,9285.913293,22541,13363.57694,354.531957,94901,92932,228.5096753
Local authority,E92000001,England,E12000008,South East,E07000208,Epsom and Ewell,308.3799425,267.7779,214946.6682,43520.80155,4.896702923,5,902489.4036,260621,79928,8467.812264,5674.942049,8963,5526.987875,332.3886326,23465,23111,310.5235641
Local authority,E92000001,England,E12000008,South East,E07000089,Hart,379.1243145,301.31876,212416.4133,35416.84055,3.715710768,4,625634.5055,189316,95152,7017.528765,5407.771567,5952,3576.429771,646.8339639,32170,31428,409.8372542
Local authority,S92000003,Scotland,S15000001,Scotland,S12000038,Renfrewshire,362.1336291,311.0731,203569.6718,29574.7329,3.576357882,3,493454.3582,154587,177790,7296.417405,5097.697291,38995,28770.74253,366.853898,49630,48466,233.1373836
Local authority,E92000001,England,E12000008,South East,E07000088,Gosport,290.6674905,250.008,200501.1529,32964.68805,4.549630417,4,720415.0122,274650,85283,9120.45289,4395.546883,9827,6579.550148,207.1981694,27726,27424,166.3366916
Local authority,E92000001,England,E12000007,London,E09000002,Barking and Dagenham,286.4963371,275.225355,200426.8588,98419.49665,4.550250787,4,771951.9793,635495,211998,22688.9847,22115.94066,24731,13394.80941,194.5979839,51230,50805,164.790286
Local authority,S92000003,Scotland,S15000001,Scotland,S12000010,East Lothian,328.2445032,242.35691,191392.5426,24205.20915,3.39117264,4,544883.2819,91087,103049,4615.82995,3298.227439,14007,11218.88827,353.4281511,30119,29602,247.4356103
Local authority,S92000003,Scotland,S15000001,Scotland,S12000049,Glasgow City,320.1336191,286.5659,184875.8309,34416.98375,5.159617566,5,546171.2315,311493,626410,11498.95269,8680.191617,236327,174390.6872,272.7967317,91529,89805,209.0916268
Local authority,E92000001,England,E12000007,London,E09000024,Merton,244.0728293,226.5469,183369.4955,39683.53315,7.809365591,7,1045070.429,686633.5,206186,11256.57252,7109.587584,35548,25813.61215,174.1775848,49761,49259,148.9958072
Local authority,E92000001,England,E12000006,East of England,E07000071,Colchester,498.7156692,386.60187,180450.1714,50008.58825,2.184197962,2,358107.93,117063,192523,15633.15009,6899.083967,18944,11891.47626,417.0707168,60437,58657,308.1962778
Local authority,E92000001,England,E12000008,South East,E06000045,Southampton,346.5447625,312.27072,177125.0771,30473.78565,4.380429815,4,636266.0863,253536,252796,16121.25537,9686.884439,46140,28267.16334,251.022725,60726,60304,185.2150982
Local authority,E92000001,England,E12000006,East of England,E07000070,Chelmsford,407.7506219,324.7576,175250.9749,33789.3084,3.760227813,4,478052.8093,178459,175475,8073.632396,3784.1,15992,9065.887264,404.2302725,57440,55774,345.5337652
Local authority,S92000003,Scotland,S15000001,Scotland,S12000021,North Ayrshire,405.9554115,300.41638,172666.1671,34980.15545,3.186399169,3,769234.672,145223,133492,6724.094482,4866.285714,22765,17086.52567,411.3776344,46312,45029,247.0519478
Local authority,E92000001,England,E12000009,South West,E06000023,"Bristol, City of",277.6839777,243.05349,170739.9052,40121.57115,6.165116203,6,753769.984,362590,463405,12336.96731,8633.315489,77400,47398.0366,196.4778674,123629,121490,170.9315128
Local authority,E92000001,England,E12000008,South East,E06000042,Milton Keynes,318.4842458,279.659585,166398.7509,43094.7685,4.175932093,4,735607.5845,567485,268607,7164.752055,5284.956623,19824,10105.29306,292.3359968,87501,83776,186.7934201
Local authority,E92000001,England,E12000007,London,E09000018,Hounslow,306.6378171,266.92693,161858.2611,35335.41155,5.062466265,5,742365.7451,517103,270782,15247.66709,10893.7764,49621,31147.74674,200.8253616,54693,53750,164.9809154
Region,E92000001,England,E12000007,London,E12000007,London (Region),292.8838389,261.93893,160671.3743,29114.0396,6.354697488,6,688097.6747,388860.5,8908081,17700.01392,10637.99501,2132118,1396009.253,170.8724597,1566608,1539070,183.6035637
Local authority,E92000001,England,E12000005,West Midlands,E07000234,Bromsgrove,412.5855174,349.904235,159818.8549,19760.0206,2.996693164,3,403072.3558,106311.5,98662,6943.486515,3394.080288,5464,3321.019806,611.6064566,33840,33041,385.4581664
Local authority,E92000001,England,E12000007,London,E09000022,Lambeth,301.6576448,262.826,159645.4582,31885.55875,6.399067465,5,496650.6851,522088,325917,30036.4279,21181.24724,110946,75838.79344,140.8537162,33463,32681,131.8975925
Local authority,E92000001,England,E12000004,East Midlands,E06000018,Nottingham,285.071035,262.90776,155420.1852,17390.65215,6.522562013,6,556690.0221,266248,331069,9292.160698,5790.734846,40485,18940.21233,210.2425005,99464,97377,170.011964
Local authority,E92000001,England,E12000005,West Midlands,E07000197,Stafford,444.1529964,336.0022,150316.5741,18687.19415,2.927779121,3,401739.3174,78144,131051,5602.277843,3593.379741,8216,5019.707339,423.8613202,45879,45011,311.1846309
Local authority,E92000001,England,E12000007,London,E09000005,Brent,320.7955482,289.529785,147767.2288,63654.44565,4.495614165,4,503826.7597,337843,330795,26487.27499,14231.73418,74503,52460.58695,189.6920122,49961,49321,243.0731671
Local authority,E92000001,England,E12000007,London,E09000016,Havering,312.8622898,291.78073,146534.029,43398.2096,4.419153363,4,619194.7811,297931,257810,10910.39964,8414.981808,26724,16548.01612,270.0501012,78374,77946,236.3510463
Local authority,S92000003,Scotland,S15000001,Scotland,S12000036,City of Edinburgh,306.8294225,253.65035,146249.8278,40490.59765,5.948787849,6,755436.7559,401700,518500,11128.98538,9014.560585,184298,145015.0632,292.8026439,80326,78803,246.2258554
Local authority,W92000004,Wales,W08000001,Wales,W06000011,Swansea,376.878726,306.595,141235.5438,25059.81015,3.700647829,3,410572.7118,98319,246466,6959.934545,4448.596723,21600,11419.35291,231.7001014,89415,87123,250.101174
Region,E92000001,England,E12000005,West Midlands,E12000005,West Midlands (Region),393.4787855,304.747435,141168.512,27569.0315,4.177928054,4,498030.8548,183145,5823990,9882.444362,5153.619709,457691,270525.7113,337.8977599,1933670,1887227,255.0894039
Local authority,E92000001,England,E12000008,South East,E07000090,Havant,469.4747509,408.7175,141152.8273,34312.9297,2.609780681,2,592372.4928,78866,125813,10011.7455,6767.180842,11668,7534.398531,299.5263047,43569,42922,262.761215
Local authority,E92000001,England,E12000007,London,E09000025,Newham,288.3765614,242.01239,140258.8651,39493.97115,5.273680206,5,597485.7365,346540,352005,27107.03494,14581.76028,67179,46121.35927,129.3085495,53486,52927,104.8412428
Local authority,E92000001,England,E12000008,South East,E07000110,Maidstone,364.8538504,303.34221,139853.051,19187.9458,3.662666527,3,568546.8382,153092,164333,7846.289733,4692.275149,15679,9349.073267,471.4299054,51651,49798,289.4896163
Local authority,E92000001,England,E12000005,West Midlands,E06000021,Stoke-on-Trent,210.7330126,184.0978,139438.6535,30151.58395,8.596842803,9,1055049.542,662916,255833,5200.335624,3634.278621,15006,9654.724697,225.6158826,101840,100692,170.9605364
Local authority,E92000001,England,E12000004,East Midlands,E07000138,Lincoln,466.1685837,354.59906,138813.8372,18482.93765,3.502600555,3,323110.4374,238586,99039,15431.35766,11729.08273,10449,6128.189247,199.5031205,34877,34385,199.1380794
Local authority,E92000001,England,E12000008,South East,E06000036,Bracknell Forest,309.142393,267.37988,137563.5846,33082.85315,4.889968217,5,393647.8842,239596,121676,7227.766928,4783.585128,10941,6640.767408,433.8816592,39097,38224,215.5691329
Local authority,E92000001,England,E12000004,East Midlands,E07000154,Northampton,355.1039216,317.56496,137146.0645,46282.11835,3.323772834,3,372788.9311,289002,225146,14045.52932,6087.82554,20755,12646.45304,172.8679465,78026,76756,191.6646884
Local authority,E92000001,England,E12000008,South East,E07000216,Waverley,383.6757779,290.75934,136685.5566,19710.71655,3.845014219,3,379027.1134,73653,125610,3949.832925,2217.409047,10449,7439.21522,671.283503,39790,38384,675.84474
Local authority,E92000001,England,E12000006,East of England,E07000243,Stevenage,338.6646757,297.65921,135414.269,57055.7834,4.369364259,5,539264.3073,551656,87754,10627.54084,4901.310286,8532,4032.724934,245.6638527,29023,28464,167.5591423
Local authority,E92000001,England,E12000007,London,E09000011,Greenwich,337.5418982,278.386415,134847.3625,50059.2644,5.268228646,5,606001.334,514694,286186,18141.16457,14164.41478,64391,41243.8151,198.8696064,55110,54452,152.7802607
Local authority,E92000001,England,E12000009,South West,E07000047,West Devon,533.4094198,361.971685,132308.3225,21468.0966,2.074534386,2,318562.6716,36164,50560,6734.462891,2288,3036,2363.585086,581.4345123,15741,14747,436.6636743
Local authority,E92000001,England,E12000002,North West,E07000123,Preston,385.8635749,357.39334,131066.078,46925.0582,3.006374276,3,292293.185,320814,141818,18156.36146,13377.79284,12825,7340.111209,176.4542937,48086,46328,188.9634995
Local authority,E92000001,England,E12000007,London,E09000008,Croydon,310.4217039,278.9543,130604.4568,39992.8044,4.942039389,5,533573.6447,378264,385346,12688.85944,9458.50439,65984,40683.85846,228.4558006,93347,92113,225.2008079
Local authority,E92000001,England,E12000009,South West,E06000059,Dorset,614.9025026,404.14478,129843.104,20491.98425,2.377568329,2,312795.7488,52403,374131,6034.675844,3288.028522,32164,23245.92022,546.1650525,127405,122888,423.4045547
Local authority,E92000001,England,E12000001,North East,E06000004,Stockton-on-Tees,471.8970175,363.41986,126461.3562,35889.8728,3.273696933,3,447865.237,199415,197213,9935.134781,5960.761466,10226,6512.914223,221.3579233,76822,75697,232.9038642
Local authority,E92000001,England,E12000006,East of England,E07000202,Ipswich,334.7609402,315.67781,125857.7697,45504.7556,3.455345682,3,380172.6562,348120,137532,11756.95766,12018.59513,16113,9382.593985,267.6437856,44878,44485,222.4560606
Local authority,E92000001,England,E12000007,London,E09000004,Bexley,343.4726926,310.19751,125496.9593,41011.59315,4.161154653,4,421613.8009,258060,247258,12661.64246,9092.018379,25806,15807.27946,243.0131836,72781,71502,234.0992676
Local authority,E92000001,England,E12000008,South East,E07000115,Tonbridge and Malling,458.4772901,373.82147,124233.1264,27473.30345,2.839353861,2,314946.2604,103745,129415,6259.160429,3866.132035,7952,5017.893975,500.0217367,42584,41122,320.5626053
Local authority,E92000001,England,E12000004,East Midlands,E07000173,Gedling,439.4923726,328.562,123928.1911,23450.3165,3.96852074,4,554137.1409,151146,117786,7461.14895,4646.244024,6546,4219.576556,289.1936411,45509,44238,268.4988956
Local authority,E92000001,England,E12000002,North West,E08000007,Stockport,271.7346126,243.891365,123501.847,29242.9414,6.453440762,6,617852.6153,345253,291775,6447.683788,3720.580107,22872,12592.43826,348.3170809,107480,105747,234.7909526
Local authority,E92000001,England,E12000008,South East,E07000107,Dartford,360.0207773,322.58177,122263.7966,32967.88575,4.092804682,4,576347.3362,215935,109709,9318.149381,4656.967165,11459,7530.97979,305.8789189,34027,33360,214.8936996
Local authority,E92000001,England,E12000007,London,E09000020,Kensington and Chelsea,322.1549623,299.6281,122028.7965,16117.857,5.917700052,6,700867.3976,829381,156197,26190.76121,24818.54267,77691,63150.70374,108.3389534,12732,10759,91.70451365
Local authority,S92000003,Scotland,S15000001,Scotland,S12000033,Aberdeen City,423.3601225,357.259,121930.051,23807.50825,3.759855055,3,394694.2204,165450,227560,10492.29798,7692.232159,65178,46169.91334,309.5299473,51306,49938,245.4844679
Local authority,E92000001,England,E12000008,South East,E07000062,Hastings,322.4479659,250.3917,119188.1194,16744.57565,6.281864888,5,1010252.393,460069,92855,7775.724899,6250.243382,18121,14122.43816,214.6057245,26027,25139,249.384604
Local authority,S92000003,Scotland,S15000001,Scotland,S12000019,Midlothian,366.9842758,278.46902,116589.5313,30783.70835,3.446209127,4,427748.4483,117780,91340,6071.277014,3226.638498,9240,7786.69594,389.7520077,27942,27677,222.6414082
Local authority,W92000004,Wales,W08000001,Wales,W06000014,Vale of Glamorgan,395.8847046,272.288435,115983.9853,24383.53175,3.978739631,4,318485.2644,124661,128277,5984.294734,4212.858302,9775,6959.47283,341.5412944,45461,43745,253.2878524
Local authority,E92000001,England,E12000004,East Midlands,E07000036,Erewash,333.0577791,292.49445,115732.2191,25611.50705,3.470447147,3,488416.8396,96530,115490,6846.576861,3447.38853,5028,2927.124823,240.682631,46671,45804,228.2334911
Local authority,S92000003,Scotland,S15000001,Scotland,S12000050,North Lanarkshire,298.0325891,251.60286,115235.1511,24176.52585,4.915797669,5,679336.5192,194058,339519,4851.276449,3086.442224,51693,37266.92146,349.3258042,105651,103971,218.5522417
Local authority,E92000001,England,E12000005,West Midlands,E07000199,Tamworth,387.2034974,327.320845,114572.6103,26555.70245,3.52642446,3,295221.1308,282115,76678,17441.84086,4841.067254,4526,3118,300.7526114,28785,27723,203.1729661
Local authority,E92000001,England,E12000007,London,E09000003,Barnet,301.5037784,274.8818,114263.784,39102.57645,5.240112198,5,595664.7659,338426,392140,13261.93644,10768.67385,75004,45761.14658,243.1554014,77979,76594,285.1346557
Local authority,E92000001,England,E12000009,South West,E06000030,Swindon,413.3300543,319.419785,112828.9653,33261.0049,3.650559212,3,345293.5775,196439,221996,11178.05587,6513.590539,18896,12002.55058,238.9471785,77143,75856,195.8453806
Local authority,E92000001,England,E12000009,South West,E07000046,Torridge,472.8217083,327.406335,112782.6243,12709.50725,2.685799461,3,374277.4686,71244,59465,4139.944883,2202.434515,4008,2723.482639,499.8100401,19205,18021,329.2230768
Local authority,S92000003,Scotland,S15000001,Scotland,S12000047,Fife,396.6157082,288.600935,111980.3511,26042.19725,3.274883285,3,330868.9249,123831,365041,6235.013515,3488.181818,50754,37394.66972,336.2458424,120898,118522,257.0261985
Local authority,E92000001,England,E12000007,London,E09000017,Hillingdon,304.6558838,274.35196,110191.6535,36350.493,5.264115252,5,443183.7872,297305,304824,9404.649166,6767.408267,37610,24948.56431,253.0379136,76080,74788,215.8601216
Local authority,E92000001,England,E12000008,South East,E07000085,East Hampshire,551.8824288,380.686845,109493.9323,29648.20455,2.701949884,2,265117.8585,92108,120681,6633.947825,3587.616328,10370,7281.437006,866.2482045,38016,36255,465.0600592
Local authority,E92000001,England,E12000004,East Midlands,E07000038,North East Derbyshire,338.1280174,253.91433,108976.8578,19195.116,3.563349633,4,354286.0776,125290,101125,3566.973594,1932.213727,3276,2259.655354,460.4267993,39036,37530,309.1970297
Local authority,E92000001,England,E12000002,North West,E08000012,Liverpool,277.8744307,245.204,108416.4831,26257.40035,6.838261091,7,637913.4676,379717,494814,8736.682047,7096.189578,72808,38456.51481,233.723232,165722,162602,131.6905263
Local authority,E92000001,England,E12000001,North East,E08000022,North Tyneside,278.3405533,252.3886,108384.6115,23659.65255,5.395565807,5,522539.3337,239406,205985,6383.665841,5050.936083,24818,20352.8191,155.9583685,74614,73559,171.593901
Country,S92000003,Scotland,S15000001,Scotland,S15000001,Scotland (Country),380.7401979,285.17538,108351.4699,24176.52585,4.1894325,4,418420.131,155685,5183329,6913.802266,4439.948472,1043830,767189.5592,338.3381615,1414322,1379796,270.8184886
Local authority,E92000001,England,E12000006,East of England,E07000066,Basildon,377.4071368,320.58072,107865.2156,25214.8584,4.163430625,4,368675.6276,255110,185862,9105.265312,6642.464617,16498,10450.83849,306.2460376,62683,61313,272.556728
Local authority,E92000001,England,E12000002,North West,E08000010,Wigan,347.6966558,283.66705,106582.5726,23844.27605,4.79612071,5,486420.9965,154658,326088,6960.355913,3940.803941,14694,9316.668673,206.7004741,129973,126785,182.2268827
Local authority,E92000001,England,E12000007,London,E09000010,Enfield,294.2941038,266.094895,106562.8944,30927.1036,6.277107697,6,486568.9359,384759,333869,11350.36543,8614.164917,53375,33787.8713,232.1698552,73965,73337,173.4465562
Local authority,E92000001,England,E12000008,South East,E07000111,Sevenoaks,428.7622076,348.07614,105632.5617,23849.7798,3.340727838,2,494479.8953,75572,118181,3761.414374,3062.96876,8479,5690.797939,704.0682518,38046,36753,497.1872325
Local authority,E92000001,England,E12000007,London,E09000031,Waltham Forest,319.4539876,298.44849,105502.2976,16430.1028,6.081845588,5,422961.8826,160696.5,276700,19594.34034,13530.9918,52736,38156.06456,133.3809527,54544,54094,120.3896068
Local authority,E92000001,England,E12000006,East of England,E07000103,Watford,270.9600845,242.296305,105194.8569,24196.39625,6.815857178,6,510396.1364,352161,96767,8284.1464,6008.671277,14962,6103.746678,243.7868371,25218,24863,195.4658953
Local authority,E92000001,England,E12000006,East of England,E07000069,Castle Point,367.7471283,339.2993,104119.1718,27349.53015,3.042704747,3,511263.638,114166,90070,7214.737605,6080.8049,5235,3424.706827,393.8239267,33244,32617,1195.525412
Local authority,E92000001,England,E12000005,West Midlands,E08000028,Sandwell,326.416185,305.45868,103994.1725,46062.3194,4.306585711,4,386245.9732,259716,327378,12608.04835,10155.25451,26370,16324.50287,203.1671194,107474,106509,187.0422155
Local authority,E92000001,England,E12000003,Yorkshire and The Humber,E08000019,Sheffield,316.5830846,274.5906,101816.6945,31422.93995,4.636893123,4,400060.5568,239259,582506,10767.87719,7116.085922,67721,34802.69291,258.9979659,187440,184367,201.2112467
Local authority,E92000001,England,E12000002,North West,E08000006,Salford,308.2749952,277.21832,101764.1594,38669.17095,5.109728797,5,395059.105,234085,254408,8912.749978,5880.507869,40044,19867.87051,271.7940347,81832,80131,160.1700011
Local authority,E92000001,England,E12000004,East Midlands,E06000016,Leicester,298.5834442,283.5507,101531.0668,30967.76595,5.528747633,6,435517.2147,353120,355218,13453.32564,10036.99445,39255,20699.55221,143.3716495,100539,98923,155.5070906
Country,E92000001,England,E92000001,England,E92000001,England (Country),379.5996212,295.4894,101209.4227,24159.36875,4.478636728,4,396894.4958,151723.5,55676664,9165.613259,4649.607436,6191790,3989179.533,262.7715607,17372078,16859311,256.4269863
Region,E92000001,England,E12000008,South East,E12000008,South East (Region),388.9693366,306.56973,101081.8045,24691.7402,3.956402359,4,367684.9627,128222,9102613,7104.555725,4286.293726,954065,639865.6327,375.0400619,2817502,2730220,322.0799076
Local authority,E92000001,England,E12000006,East of England,E06000031,Peterborough,332.599896,264.96793,100918.6928,30479.437,4.879941637,4,1038419.241,210165,201041,6256.512703,3719.648998,14858,10606.38579,236.5623085,68810,67935,212.763878
Local authority,E92000001,England,E12000005,West Midlands,E07000218,North Warwickshire,372.2821259,293.970185,99327.13012,22997.8832,2.331338563,2,276895.069,70332,64850,3353.344143,2461.384454,2973,2123.349593,522.8468285,22168,21542,299.5247115
Local authority,E92000001,England,E12000002,North West,E06000008,Blackburn with Darwen,350.2800162,326.49655,99314.37537,17216.2533,4.468367981,4,491627.3566,141677,147749,9247.570614,5044.910937,7957,5914.855026,192.827213,51881,50834,150.5134062
Local authority,E92000001,England,E12000008,South East,E06000041,Wokingham,346.4270562,288.90137,98639.27802,35255.02605,4.246178539,4,429481.3125,276783,167979,6143.354112,4407.795285,10194,6764.993363,622.9933064,57527,55588,333.9155048
Local authority,E92000001,England,E12000007,London,E09000012,Hackney,229.4633941,226.90086,98477.94989,24795.51485,8.02771698,8,552144.626,328698.5,279665,21919.69091,18934.1715,96557,60614.82644,141.1650423,19049,18618,102.144854
Local authority,E92000001,England,E12000003,Yorkshire and The Humber,E06000010,"Kingston upon Hull, City of",402.1777884,358.15987,98402.87641,37711.69405,3.532323816,4,261680.0242,191224,260645,13255.86867,8283.395948,20577,11106.62086,182.2234893,101331,100191,138.627588
Local authority,E92000001,England,E12000006,East of England,E07000075,Rochford,480.7887616,432.59102,98072.26203,21570.53455,2.266975749,2,191273.9749,76004.5,86981,9075.843678,5899.323859,4247,2128.561437,355.8174093,29974,29001,320.5631116
Local authority,E92000001,England,E12000006,East of England,E07000068,Brentwood,361.2205659,309.47214,97920.45076,39119.0848,4.007623328,4,585189.032,442212,76550,5255.894508,3330.196301,8424,5300.982907,450.480626,24092,23627,386.8978069
Local authority,E92000001,England,E12000004,East Midlands,E06000015,Derby,311.1523885,286.11188,97901.91973,42021.43205,4.309550264,4,357697.694,221963,257174,9016.134704,6199.7055,19088,11044.72673,199.2127371,92282,89562,199.3125593
Local authority,E92000001,England,E12000001,North East,E08000023,South Tyneside,330.1990188,250.271845,97837.80876,23824.50005,5.925252613,5,469771.4177,368537,150265,7310.962508,4691.870685,16690,14798.52317,114.5869424,55211,54600,167.5704731
Local authority,E92000001,England,E12000006,East of England,E07000077,Uttlesford,484.8077272,331.7891,97219.53196,17796.2895,2.48866232,2,233238.5597,39071,89179,4086.967904,2279.896081,5462,3808.534778,947.0961702,26676,25402,453.8310284
Local authority,E92000001,England,E12000007,London,E09000029,Sutton,297.4125644,260.54175,96921.56274,35753.53115,5.934019675,6,654961.3669,420555,204525,10865.32795,8584.933574,32254,22385.81596,294.2550478,51929,51447,239.6910017
Local authority,E92000001,England,E12000006,East of England,E06000033,Southend-on-Sea,487.1541222,463.16843,95223.709,39302.945,2.651169201,2,241587.8036,127256,182463,22436.46853,18946.4161,30825,20105.67813,177.8613235,50943,50168,216.5798848
Local authority,E92000001,England,E12000008,South East,E07000086,Eastleigh,361.4213403,320.65247,95190.47789,28262.7339,3.612286078,3,447943.1883,160511,131819,6837.729818,5505.856544,10175,6835.119642,342.823667,46401,44861,253.6174085
Local authority,E92000001,England,E12000008,South East,E07000006,South Bucks,513.3985471,422.91539,95036.84454,18059.41785,2.60580211,2,279701.007,59651,70043,4447.304067,3835.991916,6818,4380.669492,682.603129,20959,19414,557.1631887
Local authority,E92000001,England,E12000002,North West,E08000011,Knowsley,265.1227542,232.0194,94065.8985,43657.92005,5.885231001,6,456785.8365,292412,149571,6535.117729,5821.608815,8202,4974.954319,220.410733,60152,58323,180.0886789
Local authority,E92000001,England,E12000006,East of England,E06000032,Luton,353.9684991,325.93856,93629.53523,31919.36595,4.209198908,4,390319.9067,341385,214109,12959.66754,9105.236866,22285,13002.49485,201.6472868,59735,58589,191.6773351
Local authority,E92000001,England,E12000008,South East,E07000209,Guildford,379.0315777,280.91992,93470.17015,19337.19085,4.698875291,4,375173.9831,200002,147889,4339.570483,3285.191924,15682,10156.58296,468.8872227,42737,41782,482.4249254
Local authority,E92000001,England,E12000006,East of England,E06000056,Central Bedfordshire,438.6397355,344.863015,93419.42799,23652.2546,2.888527901,2,215115.6246,65923,283606,6122.250126,3999.313646,16635,10555.11362,383.6581221,100628,95515,266.7496146
Local authority,E92000001,England,E12000004,East Midlands,E07000170,Ashfield,301.5054228,260.01923,92539.86851,19875.41805,4.556462841,5,396379.5615,157935,127151,6422.072421,3395.935253,5037,3517.670968,298.3400798,50861,49246,236.7356155
Local authority,E92000001,England,E12000006,East of England,E07000241,Welwyn Hatfield,387.311108,321.60687,92162.14556,25386.441,3.809415427,3,301465.0148,150349,122746,6433.783765,5379.013783,12262,5954.219657,507.9366164,34675,34170,289.686853
Local authority,E92000001,England,E12000008,South East,E07000084,Basingstoke and Deane,400.9884615,283.96392,92161.19607,23926.63235,3.707781088,3,277026.405,186105,174343,6453.152901,4173.105155,13409,9321.695066,333.6451237,60259,58905,260.9976589
Local authority,W92000004,Wales,W08000001,Wales,W06000006,Wrexham,317.0051106,247.95161,91777.66452,20850.96615,4.787135999,4,465790.2413,241747,133220,4745.156077,2329.26692,8458,5259.976419,331.6151616,47490,45940,266.8621675
Local authority,E92000001,England,E12000004,East Midlands,E07000130,Charnwood,374.8689465,324.35938,91505.59219,25649.31815,3.546906621,3,375345.105,87024,182643,6829.577374,4290.288178,9444,6437.975678,293.4084753,63757,61620,293.7617556
Local authority,E92000001,England,E12000002,North West,E07000127,West Lancashire,470.5572076,308.6033,90924.55276,22876.5234,3.973012398,3,511370.4905,101310,112726,4298.932592,3360.810865,4889,3247.949444,344.7210843,38283,36618,276.289623
Local authority,E92000001,England,E12000003,Yorkshire and The Humber,E07000165,Harrogate,496.0470973,356.0056,89267.60465,19215.0278,3.234467074,3,217968.3679,69996,150763,6980.931479,4519.452983,13958,10889.91201,341.7815394,48165,46305,311.4668173
Local authority,E92000001,England,E12000006,East of England,E07000102,Three Rivers,389.94017,326.58383,89262.12145,25075.42965,4.074145005,4,290966.7328,130428,93045,5464.986632,4565.818655,7825,4216.817287,548.5013242,29628,28704,411.4882419
Local authority,E92000001,England,E12000002,North West,E08000015,Wirral,315.0834005,276.739045,89196.72646,31133.84505,6.224427616,6,392473.7674,278975,323235,7670.518532,4852.951738,29207,20768.96738,321.2109906,119820,118524,226.2664295
Local authority,W92000004,Wales,W08000001,Wales,W06000018,Caerphilly,324.4135235,269.502325,88396.46712,19551.4693,3.715066049,3,344805.6573,114323,181019,4639.233294,2867.194969,7726,5577.720223,236.5952182,70059,67703,197.2999217
Region,E92000001,England,E12000006,East of England,E12000006,East of England (Region),430.5347368,322.14905,88377.59672,24694.32625,3.527379224,3,335711.1155,102866,6186835,7417.304658,4022.068869,527367,317412.3893,375.7236527,2034829,1969624,321.3391812
Local authority,E92000001,England,E12000002,North West,E06000006,Halton,325.4250018,273.38617,88011.30639,31295.12025,5.898520887,6,368244.5121,379521,128432,6497.94368,4101.722745,7275,4815.542675,252.272257,49997,49262,191.6332975
Local authority,E92000001,England,E12000003,Yorkshire and The Humber,E08000018,Rotherham,321.6126372,276.58723,87631.66444,38326.30155,3.522792365,3,268046.3222,166707,264671,7851.927024,3566.402677,14366,10132.54596,319.763072,102579,100766,226.7752729
Local authority,E92000001,England,E12000007,London,E09000006,Bromley,286.0250518,252.392555,86645.14428,38476.57965,5.765074834,6,454507.5706,334915.5,331096,7501.227143,5718.076654,46143,27239.84131,303.6480861,94281,92678,299.6796044
Local authority,E92000001,England,E12000005,West Midlands,E08000026,Coventry,343.8818855,298.79257,86358.17276,34563.8154,4.66274429,4,327767.5424,240271,366785,13184.43141,7844.069658,37073,16940.91664,195.0550998,111971,110806,180.7159967
Region,E92000001,England,E12000002,North West,E12000002,North West (Region),338.9465353,278.04495,86268.07621,23185.4919,4.950689799,5,374694.9742,184460,7241635,7667.176462,4602.325114,626791,386861.1981,273.2914713,2593545,2523906,205.9612141
Local authority,W92000004,Wales,W08000001,Wales,W06000015,Cardiff,298.2949668,259.357865,86170.36169,25768.85765,5.821128587,6,458151.2187,360035,364248,9144.052944,6032.700299,47458,27038.77966,189.7298848,108843,105611,180.3054978
Local authority,E92000001,England,E12000008,South East,E07000226,Crawley,352.0373268,326.15793,86013.53875,50634.5539,4.073432303,4,472440.8061,279831,112448,8862.56241,4706.4503,11949,8232.635638,313.9087914,32920,32590,190.8877608
Local authority,E92000001,England,E12000007,London,E09000028,Southwark,219.1639346,200.83078,85472.20249,15103.24425,11.68536731,11,504626.0919,537486,317256,14035.88617,10113.57552,112998,66476.37213,158.6620581,27819,26915,124.2143756
Local authority,S92000003,Scotland,S15000001,Scotland,S12000029,South Lanarkshire,391.8662569,310.60185,85300.20555,28693.0629,3.702955483,4,390323.0959,134615,313917,7564.71834,4798.850118,47619,32316.59749,387.2265026,100545,98629,242.6941867
Local authority,E92000001,England,E12000001,North East,E08000021,Newcastle upon Tyne,259.1392021,229.71286,85133.39789,25335.8212,8.121888469,8,755328.0459,363961,300196,6947.306657,4946.5935,52239,34570.34035,128.2915062,80383,79553,167.5245056
Local authority,E92000001,England,E12000002,North West,E08000003,Manchester,312.7046743,291.6059,85031.98655,28181.374,4.935649455,5,359862.8201,222296,547627,13414.29343,11228.98505,90898,44894.66431,221.2418011,144433,141808,132.5777291
Local authority,W92000004,Wales,W08000001,Wales,W06000024,Merthyr Tydfil,374.0919096,290.76279,84794.6845,20530.85325,3.922740201,4,259639.646,105747,60183,6591.289699,2802.653563,2642,1532.52787,277.3778594,23806,23076,177.2080239
Local authority,E92000001,England,E12000008,South East,E07000210,Mole Valley,417.6795048,317.21129,84610.92144,22613.9116,3.374987684,3,234934.897,86773,87253,4373.425295,3758.866432,8852,5852.146412,798.0578065,26580,25741,610.8928467
Local authority,E92000001,England,E12000007,London,E09000023,Lewisham,274.3503351,248.65237,84468.12374,38082.41165,6.181756065,6,409004.4317,332536,303536,16963.39461,14605.08782,87408,63162.20675,199.3030964,49970,49273,144.2562144
Local authority,E92000001,England,E12000002,North West,E08000013,St. Helens,273.9175503,226.9515,84445.88043,33598.2215,5.410019499,5,437880.0824,284942,180049,5473.849779,3613.984372,8377,5654.228171,223.1588688,73801,72119,181.8322625
Local authority,E92000001,England,E12000004,East Midlands,E07000152,East Northamptonshire,462.0058306,361.75749,84087.41787,20270.15995,2.949758565,3,275244.8087,95106,93906,6175.187583,4590.669937,4009,2872.05185,403.2050055,34746,33245,288.0121532
Local authority,W92000004,Wales,W08000001,Wales,W06000019,Blaenau Gwent,375.1291365,335.21634,83982.78589,23911.2933,3.037823987,3,240023.459,68839,69713,5268.060044,2859.377426,4530,3307.701502,235.4623547,27665,27001,170.6595195
Local authority,E92000001,England,E12000006,East of England,E07000073,Harlow,193.5677246,162.74213,83788.22387,36015.5486,9.491374836,10,657069.6556,683636,86594,5050.820627,2993.453416,10938,5547.050389,180.6190133,27637,26961,155.2389617
Local authority,E92000001,England,E12000002,North West,E06000050,Cheshire West and Chester,409.4841992,286.5746,82091.65604,16157.6809,4.76566321,4,332143.833,114693,335410,4625.668997,2812.397387,22867,14349.84143,400.9111833,125931,122295,296.7042571
Local authority,S92000003,Scotland,S15000001,Scotland,S12000042,Dundee City,326.7114536,294.464725,81631.84038,30258.63655,4.932730995,5,396754.0782,229906,148750,7084.299259,5271.421319,41197,25672.77927,412.8877767,36605,35669,256.103021
Local authority,E92000001,England,E12000002,North West,E07000028,Carlisle,357.2924868,284.94385,81383.18561,36074.4661,3.552272955,4,224313.5932,242196,101799,7811.651376,3809.686221,7385,5572.391505,348.9837514,37939,36986,220.3599749
Local authority,E92000001,England,E12000001,North East,E06000002,Middlesbrough,403.6411484,312.68434,80528.00854,37992.58155,3.839486606,4,294738.883,243477,140545,10454.14089,9851.442662,9625,6685.600483,191.0098784,54102,53596,177.6735111
Local authority,E92000001,England,E12000004,East Midlands,E07000156,Wellingborough,418.1408094,327.23157,80327.73431,42659.6716,3.463003489,3,326887.3728,195593.5,79478,7493.411991,5750.499672,4822,3100.972464,266.8693959,30393,29301,229.9405038
Region,E92000001,England,E12000004,East Midlands,E12000004,East Midlands (Region),433.972104,308.91098,79659.00693,23226.54945,3.763423334,3,290420.8874,109790,4795382,7109.199732,3782.630152,290084,177974.4429,298.9717071,1729495,1666789,272.1905095
Local authority,E92000001,England,E12000008,South East,E07000178,Oxford,276.3409231,259.03088,79493.30705,28757.66075,5.948329792,6,501569.0072,197079,154327,7420.029268,4013.38462,23915,15216.75277,285.8294027,34024,33593,213.3311386
Local authority,E92000001,England,E12000004,East Midlands,E07000133,Melton,568.3507683,349.022185,79479.74462,16018.583,3.719320305,3,212646.4979,83829,51100,4032.201977,1972.346154,1873,1210.906147,365.8821512,17730,16927,356.7598968
Local authority,E92000001,England,E12000002,North West,E06000009,Blackpool,357.9096883,348.90112,78763.34083,24797.53415,4.082673277,4,234937.7517,126886,139305,11830.18483,9699.566743,20383,15314.42466,137.9664738,51844,50490,145.0848697
Local authority,W92000004,Wales,W08000001,Wales,W06000002,Gwynedd,634.1432473,358.4536,78567.91755,9517.8392,2.562084391,2,187754.0165,23275,104203,2954.21838,1724.25,9451,6348.508642,439.8131416,34967,33216,320.3778074
Local authority,E92000001,England,E12000002,North West,E08000005,Rochdale,367.1968323,303.11136,78337.66426,29009.57185,3.9740886,4,276812.1042,175440,220001,8627.925947,4651.469308,14857,10124.27495,208.5822205,80065,77449,180.767328
Local authority,E92000001,England,E12000003,Yorkshire and The Humber,E08000016,Barnsley,275.5260952,233.37095,77691.98265,26162.9797,4.832850904,5,357102.5038,156138,245199,4811.537305,2412.805018,9803,6329.228019,283.6579135,98851,96218,215.6480421
Local authority,E92000001,England,E12000006,East of England,E06000034,Thurrock,329.7959129,283.85296,77649.00377,27054.83335,3.790031175,3,259259.6142,106549.5,172525,7604.639613,4545.790583,16536,8132.572278,312.1377172,50909,50081,201.5643218
Local authority,E92000001,England,E12000003,Yorkshire and The Humber,E08000035,Leeds,340.6887984,276.805,77611.27704,26926.9722,5.080207128,5,334405.7428,185298,789194,8104.938777,4540.77062,83881,44310.7397,269.3952647,264679,252777,204.9020868
Local authority,E92000001,England,E12000002,North West,E07000030,Eden,623.2786687,286.53098,77022.47723,15934.09135,2.75402722,3,181182.6346,75430,43065,3086.678712,1664.414942,3148,2101.987147,517.7542873,12862,12058,390.8470636
Local authority,E92000001,England,E12000006,East of England,E06000055,Bedford,368.6010582,291.92292,76973.39238,30480.08625,3.985279767,4,401449.3549,286601,171623,6687.468853,4155.059058,14951,11057.89466,325.4274841,55731,53248,288.5067099
Local authority,E92000001,England,E12000009,South West,E07000081,Gloucester,281.8471388,250.76881,76822.91708,39796.7039,5.850590917,6,388372.4551,244560,129285,7701.231352,3801.296277,11836,7835.09466,233.3691046,45590,44832,200.1968449
Local authority,S92000003,Scotland,S15000001,Scotland,S12000040,West Lothian,281.142359,237.89284,76814.4831,21477.87225,3.954014618,4,323071.2226,135427,181067,4578.696634,3182.393791,18769,15055.70897,340.5587101,60721,59829,212.7941466
Local authority,E92000001,England,E12000007,London,E09000015,Harrow,310.1869404,279.19168,76658.74593,47551.86275,4.671193768,5,323067.9414,290258,250149,13727.49145,7418.891889,35036,22003.91774,234.1137906,58441,57656,251.4810104
Local authority,E92000001,England,E12000001,North East,E08000024,Sunderland,350.2358551,304.64734,76643.31485,29163.82055,3.759451369,3,273028.2017,164334,277417,8948.973096,6138.585265,20307,13571.82575,176.9453103,109518,108481,159.9804518
Local authority,E92000001,England,E12000002,North West,E08000014,Sefton,328.3476689,278.74362,76497.78268,25749.3485,4.764731006,5,365160.3638,162316,275396,7410.19397,5220.188276,30142,21530.74246,351.3240639,99347,97789,222.6671462
Local authority,E92000001,England,E12000009,South West,E06000026,Plymouth,354.2292578,287.84717,76257.3754,20365.2543,5.468643495,5,353558.4909,132691,263100,9307.404162,5605.317942,37842,27377.69306,159.8459227,86928,85554,171.9018087
Local authority,E92000001,England,E12000002,North West,E08000008,Tameside,289.836696,252.44801,75986.08868,21864.46515,5.558593497,6,370867.8472,300880,225197,7210.215938,3763.893377,18642,12725.84245,204.0062712,84539,82603,165.7275618
Local authority,E92000001,England,E12000004,East Midlands,E07000034,Chesterfield,296.2945784,264.4863,75602.71824,26371.4196,4.488380276,5,284379.0779,170425,104628,5303.419915,3438.585555,6988,5133.050171,281.7269226,42566,41885,246.704476
Local authority,E92000001,England,E12000006,East of England,E07000008,Cambridge,320.3972483,255.84268,75563.8883,40133.04105,5.844763347,5,409292.517,394209,125758,8706.599604,6104.05303,22588,13657.68325,268.5260174,34329,33308,211.6677415
Local authority,E92000001,England,E12000007,London,E09000009,Ealing,283.32766,242.367485,75114.87923,44601.0649,6.506124607,7,452800.2893,366159,341982,10854.23342,9843.685934,72337,49518.34551,192.1005116,66082,65082,150.6160803
Local authority,S92000003,Scotland,S15000001,Scotland,S12000014,Falkirk,276.5277474,218.88809,74421.20867,31688.2301,4.941960163,5,347871.623,310195,159827,5375.744474,3265.144555,24839,18138.78141,367.4013894,50325,49539,249.5455882
Local authority,E92000001,England,E12000005,West Midlands,E07000195,Newcastle-under-Lyme,384.5099042,215.563215,74315.67761,28022.25365,7.183082301,8,534725.1266,354315,129490,3905.563815,2996.615443,7084,4203.121664,377.4761689,46876,45817,270.5657404
Local authority,E92000001,England,E12000009,South West,E06000025,South Gloucestershire,377.7985606,327.02448,73930.67485,25344.472,4.019816998,3,260396.2522,115375,282644,6957.479945,4070.79773,16051,10235.75435,364.5223556,98719,95435,232.8991477
Local authority,W92000004,Wales,W08000001,Wales,W06000022,Newport,393.4011821,338.734405,73738.36947,25628.5992,3.919444218,4,254343.4452,153760,153302,7020.505465,5618.329263,12849,7449.807899,240.3709183,53177,51802,201.5837082
Region,E92000001,England,E12000001,North East,E12000001,North East (Region),380.6189182,293.2047,73568.47748,24335.4835,4.575028335,4,342778.6301,153590,2638322,7007.917718,4371.637663,216860,154942.8269,170.5567083,978059,960056,190.8401003
Country,W92000004,Wales,W08000001,Wales,W08000001,Wales (Country),446.0262907,306.99185,72958.76986,19700.26765,3.575853385,3,240255.5896,81836,3022149,5422.628452,3010.528872,218750,139360.9569,303.6197579,1070065,1035400,251.8098522
Local authority,E92000001,England,E12000009,South West,E07000079,Cotswold,476.1639553,335.18503,72735.91544,26420.7493,2.788189866,2,190498.493,52541,85246,2620.63471,2356.82425,6052,4230.039204,850.7773761,28959,27153,427.9509222
Local authority,E92000001,England,E12000004,East Midlands,E07000032,Amber Valley,311.557854,241.80146,72094.67132,13686.8034,5.22732384,5,505101.8099,121205,125100,3203.691522,1821.263701,4516,2989.384638,370.6395164,49456,47664,291.770826
Local authority,E92000001,England,E12000008,South East,E06000035,Medway,302.9439137,267.99442,71757.10903,24067.80775,4.996178598,5,312607.4901,141247,277855,7950.35973,4853.836364,20774,13699.67491,226.0352382,92181,90690,194.3201097
Local authority,E92000001,England,E12000006,East of England,E07000148,Norwich,354.6356752,295.84625,71672.80736,24378.01945,4.382315687,5,235352.1585,189715,141137,11732.9537,5184.035645,24364,13284.2182,211.8667705,41886,41291,202.6214053
Local authority,E92000001,England,E12000007,London,E09000014,Haringey,259.5650513,232.28,71088.33119,18996.20485,8.380894842,8,516581.5987,490572,270624,14135.90497,10676.03477,75247,57648.66987,152.2142077,39015,38469,112.6140683
Local authority,E92000001,England,E12000008,South East,E07000061,Eastbourne,364.9257731,317.24675,70590.12785,20752.9427,4.343314271,4,290006.5226,177759,103160,8560.793806,6159.521879,20473,13791.99447,302.9685148,29110,28622,213.7159567
Local authority,E92000001,England,E12000008,South East,E07000207,Elmbridge,357.60211,295.6332,69892.22437,23460.1669,4.689767803,5,607570.0113,135518,136626,5619.872435,4264.954889,16394,11699.85058,582.4024357,41396,40846,420.0913887
Local authority,E92000001,England,E12000005,West Midlands,E08000027,Dudley,345.0449156,305.94934,69660.98525,26705.94315,4.234938058,4,246647.9969,142050,320626,8896.281417,5758.563564,20663,12063.64444,303.4087765,118053,116841,234.5518475
Local authority,E92000001,England,E12000008,South East,E07000092,Rushmoor,318.3207087,285.24023,69159.68,32181.06765,5.815353213,6,308924.1019,218708,95142,7439.063359,5251.909594,11556,7625.451363,327.2963102,28818,28429,212.9373917
Local authority,E92000001,England,E12000005,West Midlands,E07000222,Warwick,330.1468245,259.94614,68822.43587,26137.3725,4.56448211,5,366623.4749,244257,141249,6201.390287,4504.919385,15665,10737.00623,329.3433079,45396,43980,288.6611472
Local authority,E92000001,England,E12000008,South East,E07000227,Horsham,426.8777492,334.00598,68483.90246,29618.0218,2.428256024,2,172543.0019,75602,140391,7640.949366,3431.103424,11674,7656.540495,647.9187697,43918,42186,438.242277
Region,E92000001,England,E12000009,South West,E12000009,South West (Region),444.1005331,313.9586,67727.26428,20547.6328,3.76939914,3,238421.4736,89213,5531863,6758.172671,3574.480046,572632,401064.4472,387.5715798,1782401,1718384,300.6902946
Local authority,E92000001,England,E12000009,South West,E07000042,Mid Devon,466.4700703,309.8314,67724.47179,18033.91855,3.032056231,3,201751.0986,81626,80274,4099.434957,2147,4130,2823.794898,581.5449635,24337,22922,348.8329238
Local authority,E92000001,England,E12000008,South East,E06000043,Brighton and Hove,320.6991792,274.498585,67503.47214,23909.733,4.838415921,5,229906.0587,159232,290395,15565.961,11266.90006,71350,55480.92897,141.33938,60293,59316,245.5525007
Local authority,E92000001,England,E12000008,South East,E06000038,Reading,377.7183443,312.28513,67216.52432,41206.6984,4.267800059,4,273829.9543,265438,163203,10600.80906,7410.725888,25598,16508.39943,269.6711519,46054,45577,208.2475337
Local authority,E92000001,England,E12000001,North East,E06000057,Northumberland,583.8420216,358.36993,66931.78686,23012.5079,3.097229606,3,224368.0557,82210,306894,5562.46836,3212.097153,18887,13989.30949,285.6771071,114369,110842,264.7380007
Local authority,E92000001,England,E12000008,South East,E06000037,West Berkshire,410.9986026,291.29022,66922.4983,23396.26915,4.415093647,3,197804.1134,119407,155712,4043.469675,2634.963729,11847,7397.076628,707.6460726,50046,48450,412.8672782
Local authority,E92000001,England,E12000008,South East,E07000211,Reigate and Banstead,356.221959,306.86316,66578.91737,19934.41495,4.389255453,4,278811.089,259484,147757,5865.950259,3699.978109,16354,9739.617006,542.3639586,42971,41829,414.8115454
Local authority,E92000001,England,E12000006,East of England,E07000245,West Suffolk,559.6783273,362.36032,66356.37855,27708.98885,2.630609518,2,139893.4499,66951,176472,6415.452348,3270.619227,11081,8062.37399,484.1593244,61249,59278,339.1960677
Local authority,E92000001,England,E12000002,North West,E07000126,South Ribble,400.113169,325.01385,65922.73617,20319.36375,3.821573231,4,314836.9714,103043,110527,6985.755925,4156.267359,4888,3402.608934,369.6694474,44510,42574,258.1487514
Local authority,E92000001,England,E12000008,South East,E07000213,Spelthorne,336.3773089,309.676405,65827.50734,41541.3719,3.488558959,3,262989.1281,148017,99334,7507.965521,5259.266336,12018,8358.265409,272.5583071,30632,30181,226.1502055
Local authority,E92000001,England,E12000004,East Midlands,E07000150,Corby,341.9159197,287.23685,65377.29094,27470.31255,3.964718929,4,322119.4704,191619,70827,6063.723177,3692.665873,3298,2351.512862,233.896756,26015,25235,197.6901154
Local authority,E92000001,England,E12000008,South East,E07000217,Woking,337.3364556,304.19141,65132.97595,29465.38985,4.135930102,4,233915.5701,226055,101167,7429.342559,4725.839757,11766,8458.859514,327.6973251,30398,30062,343.5812031
Local authority,E92000001,England,E12000008,South East,E06000039,Slough,298.8294241,285.70264,65108.06568,30968.15655,4.265553743,4,376151.3232,187440,149112,10417.69729,6825.846369,20165,10778.22673,218.9551515,35060,34067,169.2176739
Local authority,E92000001,England,E12000009,South West,E06000058,"Bournemouth, Christchurch and Poole",387.8923119,346.392125,65072.75635,27237.1302,3.853792948,4,214169.0489,158021,395784,10986.44238,7474.556676,72782,53703.77764,416.9774617,110036,108270,285.0134085
Local authority,E92000001,England,E12000004,East Midlands,E07000135,Oadby and Wigston,302.6579332,280.2035,64985.59702,36447.53105,3.920000198,4,282728.418,168800,57056,8472.418179,5002.016663,2366,1240.411411,289.8122958,21280,20652,303.0757653
Local authority,E92000001,England,E12000004,East Midlands,E07000155,South Northamptonshire,655.7729698,498.8256,64942.14222,21476.1532,1.488560463,1,88159.73492,25365,92515,5179.824398,2551.978255,3074,2036.272303,673.5576675,34471,32040,374.9696442
Local authority,E92000001,England,E12000009,South West,E07000041,Exeter,299.8759545,257.000915,64836.55922,22813.42,4.804315001,5,281965.5161,222022,130428,7748.846203,6362.985558,18831,12731.04581,238.0749192,38320,37260,196.3130789
Local authority,E92000001,England,E12000004,East Midlands,E07000132,Hinckley and Bosworth,396.6293692,277.65085,64637.32824,26290.5479,3.644521322,3,196620.528,109020,112423,4682.820497,2740.05696,5054,3168.587534,375.951241,42810,41020,285.5571073
Local authority,E92000001,England,E12000002,North West,E06000007,Warrington,249.4196962,208.246245,64391.34648,28210.9795,6.736789242,6,360639.3788,306600,209547,4545.510201,3416.738256,11451,7598.026567,183.2268204,78763,76455,209.7546665
Local authority,W92000004,Wales,W08000001,Wales,W06000016,Rhondda Cynon Taf,391.5778158,317.0899,63969.60151,20378.18295,3.171992508,3,178896.3551,60166,240131,5404.876997,2989.890854,12167,8792.061381,256.3437549,95669,93090,161.67072
Local authority,E92000001,England,E12000003,Yorkshire and The Humber,E06000012,North East Lincolnshire,374.3161289,326.12951,63657.64705,32981.12483,3.357913477,3,177194.9849,107666,159821,8738.998335,5359.820382,9485,6862.567816,191.4469418,63178,62544,206.8735361
Local authority,E92000001,England,E12000006,East of England,E07000096,Dacorum,309.4361234,244.693685,62879.40553,25584.8155,5.63223557,5,364216.8085,259280,154280,5481.86894,3976.972202,16077,8422.052644,340.8465695,47102,45235,289.5360397
Local authority,E92000001,England,E12000002,North West,E08000001,Bolton,334.3815949,289.94653,62631.76374,19234.6122,5.21152366,5,370829.0909,214226,285372,7122.038376,4683.631679,20098,12762.3345,242.0162111,105024,101638,167.7064202
Region,E92000001,England,E12000003,Yorkshire and The Humber,E12000003,Yorkshire and The Humber (Region),373.2452213,289.49957,62263.25708,22789.65805,4.360899099,4,241258.5966,128964,5447943,7164.913968,3621.419667,414182,244523.6314,287.5565073,1935969,1864035,225.5174467
Local authority,E92000001,England,E12000008,South East,E07000214,Surrey Heath,364.8818892,310.3369,62143.09898,29670.84,3.367932634,3,225811.8173,148048,88874,5507.340057,3777.436107,7946,5748.978362,655.1351874,28912,28237,425.3353293
Local authority,E92000001,England,E12000005,West Midlands,E07000220,Rugby,441.7634252,318.86362,62058.93386,26681.6054,3.586534168,3,174605.7132,159971,107194,6404.16214,3907.703269,6647,3798.926847,405.1705699,36690,35152,262.3681644
Local authority,E92000001,England,E12000005,West Midlands,E07000235,Malvern Hills,669.0760091,250.12996,61761.21902,18303.39485,4.327858018,4,219716.1072,179874,72323,3286.154415,2063.353191,5403,3833.603384,883.3896605,21822,20883,526.5066146
Local authority,E92000001,England,E12000003,Yorkshire and The Humber,E08000036,Wakefield,307.0803138,259.62473,61688.10958,26822.26965,4.931803525,4,285850.6854,161699,345038,4400.432135,2959.825051,25609,14853.06176,361.9646767,135431,130767,220.0851579
Local authority,E92000001,England,E12000006,East of England,E07000240,St Albans,263.5953941,216.410485,61624.26387,23103.54425,6.860761504,6,344960.9427,284481,147373,4485.909582,3021.224053,15255,5934.755234,338.7547788,45126,43632,316.6479247
Local authority,E92000001,England,E12000005,West Midlands,E07000219,Nuneaton and Bedworth,318.4292873,263.48624,60775.4657,28900.865,4.377367404,4,256286.6644,114044,128902,6885.952766,3499.152369,7802,5294,243.9321533,50195,48990,219.1584272
Local authority,E92000001,England,E12000006,East of England,E07000099,North Hertfordshire,377.6250486,293.77713,60707.67993,23679.7264,3.365414723,3,155770.553,95283,133214,7113.106673,2616.621769,12356,6827.921109,503.4492879,42796,41885,308.2453163
Local authority,E92000001,England,E12000004,East Midlands,E07000153,Kettering,400.7254336,306.25398,60326.38575,23425.7487,3.844591574,4,237583.8704,85664,101266,7012.945214,3977.039123,7042,4935.850002,260.7604792,37954,36070,239.5083441
Local authority,E92000001,England,E12000002,North West,E07000128,Wyre,404.5946697,339.27199,59820.49955,25502.78135,2.984381333,3,181035.9677,138251,111223,7472.194,4320.819298,6677,4823.595987,269.1781189,42038,40328,245.0580223
Local authority,E92000001,England,E12000007,London,E09000030,Tower Hamlets,203.1649316,187.15635,59470.30304,10976.56085,12.52967089,13,400476.9286,236798,317705,13158.69195,11226.98531,117330,66088.48653,129.9761518,14044,13133,65.39837403
Local authority,E92000001,England,E12000001,North East,E06000001,Hartlepool,463.2769785,399.50095,59391.72261,30151.03685,3.062447591,3,163063.1191,100197,93242,11380.65859,10586.69121,6427,4439.681659,231.9564185,37126,36638,177.9628698
Local authority,E92000001,England,E12000003,Yorkshire and The Humber,E08000017,Doncaster,403.2239435,299.7082,58958.17924,24566.19875,3.751848968,3,194197.7064,113766,310542,6430.170455,3501.352436,12006,7545.297351,286.7138207,122787,119407,244.4224148
Local authority,E92000001,England,E12000001,North East,E06000003,Redcar and Cleveland,308.9141088,264.09277,58861.79074,23917.2054,4.000095393,4,194967.1521,157267,136718,5378.424465,3465.941038,7270,5589.450854,188.3518864,55912,54529,194.630508
Local authority,E92000001,England,E12000001,North East,E08000037,Gateshead,259.0986423,220.00227,58217.37068,19810.64415,8.062241146,7,460850.9587,298398,202508,4687.689279,3629.764943,22133,15614.99501,126.1327883,69696,68275,174.7345466
Local authority,E92000001,England,E12000005,West Midlands,E07000237,Worcester,343.7279061,315.08728,57304.55071,23331.71515,3.752317038,4,209463.1209,198698,101891,8581.252318,6478.608205,10586,6553.691934,266.7133885,35593,35123,236.5137148
Local authority,E92000001,England,E12000008,South East,E07000109,Gravesham,328.3312367,272.45734,57223.48937,16576.0228,5.992988022,5,232366.0385,143146,106385,6292.754361,3655.049708,9483,6598.043389,201.6206189,33025,32691,239.914052
Local authority,E92000001,England,E12000008,South East,E07000179,South Oxfordshire,463.1965276,314.689535,56960.30779,24365.0469,2.965781436,2,136821.3771,71858,140504,4896.562885,2139.093742,8282,6052.035681,615.4117968,48971,46473,443.7764203
Local authority,E92000001,England,E12000008,South East,E07000112,Folkestone and Hythe,475.2355775,293.8588,56908.07032,17871.487,3.679805821,4,237167.874,124544,111313,5839.492721,3952.136135,14308,11057.09236,303.1417419,34976,34221,308.909542
Local authority,E92000001,England,E12000004,East Midlands,E07000172,Broxtowe,316.7491679,279.35004,56614.7649,24828.9972,3.853492518,4,291435.4589,103305,113272,8233.916705,3828.971559,6266,4114.102564,291.6580219,43906,42810,269.0269439
Local authority,E92000001,England,E12000008,South East,E07000091,New Forest,453.122155,340.37186,56577.0818,28699.9404,2.77607944,3,179344.8838,82077,179753,4992.179412,4340.108547,12616,8429.389514,681.1073401,63672,61730,466.0149976
Local authority,S92000003,Scotland,S15000001,Scotland,S12000039,West Dunbartonshire,277.3079004,247.52374,56415.67373,31520.14505,5.296541322,5,251506.9224,177914,88507,4141.677451,3935.268844,23768,17526.14441,345.7802368,22037,21695,202.3958556
Local authority,S92000003,Scotland,S15000001,Scotland,S12000008,East Ayrshire,317.6445696,241.87807,55900.05422,31133.40595,4.09425159,3,271228.1203,82558,119551,4347.242833,3586.076956,15436,11962.8349,417.8851616,40137,39118,255.6457906
Local authority,E92000001,England,E12000005,West Midlands,E07000198,Staffordshire Moorlands,387.1191615,296.58893,55057.73487,20174.8169,3.551289418,3,191062.2476,106533,92189,4439.34494,3603.452077,2966,1738.294624,546.3982469,33952,33018,322.5872003
Local authority,E92000001,England,E12000009,South West,E07000082,Stroud,418.704847,302.927375,54753.31271,18268.1615,3.358699733,3,158364.9064,65255,119019,3987.861954,2141.445943,7585,5520.650984,573.4215218,41261,39358,409.7914809
Local authority,E92000001,England,E12000005,West Midlands,E08000031,Wolverhampton,351.2131326,323.45786,54666.41651,29243.8092,4.115587749,4,195751.5158,189764,262008,9954.595165,5520.912185,25495,15185.07486,306.5231005,86671,84920,235.4454977
Local authority,E92000001,England,E12000006,East of England,E07000011,Huntingdonshire,465.1253773,327.229285,54146.75391,23198.73895,2.756476803,2,169067.1412,70819,177352,5199.021709,3237.973133,9249,6347.290338,448.0080894,64689,62087,323.6251546
Local authority,E92000001,England,E12000006,East of England,E07000074,Maldon,400.4051915,301.49628,54069.19578,22899.94,2.34271884,2,145868.1539,70598,64425,4177.628535,2699.870767,2968,2104.627753,834.1578705,23216,21787,456.3221893
Local authority,E92000001,England,E12000009,South West,E06000024,North Somerset,452.110545,341.40005,53686.77638,21930.19635,3.171304103,3,174253.6646,81522,213919,8602.28745,4082.609035,23320,16812.33072,353.8313016,69145,67109,269.3559216
Local authority,E92000001,England,E12000005,West Midlands,E06000020,Telford and Wrekin,296.8254906,206.03883,53381.24693,22811.7606,6.187957503,6,295921.1431,250509,176633,3938.324503,3079.17885,8379,5411.011005,341.4832496,65321,61793,252.2814823
Local authority,E92000001,England,E12000008,South East,E06000044,Portsmouth,387.6745076,329.09726,52722.26786,21702.11765,4.30598192,4,234410.7792,161312,215133,15984.49482,14183.27053,35365,23133.62818,140.6459345,56073,55452,104.7923045
Local authority,S92000003,Scotland,S15000001,Scotland,S12000018,Inverclyde,703.4832907,392.89502,51628.80677,20759.8173,3.066689231,3,114991.7166,62811,78150,7588.806732,5100.532297,19617,15474.85936,382.7765934,19964,19798,254.3353568
Local authority,E92000001,England,E12000002,North West,E07000026,Allerdale,522.1044257,271.0166,51355.86125,19859.9211,3.636251668,3,231676.0235,105373,91237,3735.496395,2324.842725,4658,3399.7378,326.3605323,33468,31874,288.0333352
Local authority,E92000001,England,E12000001,North East,E06000005,Darlington,429.0844047,322.67166,51295.82552,23992.3852,3.418501763,3,173571.5379,107507,106566,8918.421187,6317.047376,7636,5869.501823,284.1051945,42042,41270,204.691965
Local authority,E92000001,England,E12000008,South East,E07000113,Swale,350.7823417,277.195765,51294.22053,17881.89685,4.026784269,4,187799.7631,114610,142681,4839.726155,3172.8625,9937,6781.570703,393.0339405,49415,47056,234.0215759
Local authority,S92000003,Scotland,S15000001,Scotland,S12000030,Stirling,296.422223,216.06018,51162.57164,22618.2099,4.958532626,4,295006.463,163612,91099,3280.200293,2797.358493,11574,9031.427763,424.9560431,25661,24886,362.1553076
Local authority,E92000001,England,E12000004,East Midlands,E07000037,High Peak,338.4962737,283.28253,50768.53952,22206.4323,4.149994948,4,165048.0157,100625,92221,4908.989039,2879.785827,6109,4342.442449,347.6703823,33349,32036,265.3121095
Local authority,E92000001,England,E12000008,South East,E07000181,West Oxfordshire,465.8911619,295.6772,50515.48848,24494.60665,3.859668979,3,192005.4592,97041,109800,3328.769388,2008.854839,6165,3890.380437,615.7176428,38164,35130,343.4516085
Local authority,E92000001,England,E12000003,Yorkshire and The Humber,E07000168,Scarborough,548.5857241,305.01554,50456.16691,25623.68845,4.306881429,4,210469.6718,135820,107445,6176.706195,2628.310584,15260,11864.32564,255.3738419,37534,36258,257.7601489
Local authority,E92000001,England,E12000006,East of England,E07000076,Tendring,479.4412584,376.4492,50300.99143,19288.65865,2.667476599,2,112774.6195,64641,145803,7968.965792,4869.333333,13891,9123.621207,395.1470187,54630,52286,311.7478596
Local authority,W92000004,Wales,W08000001,Wales,W06000010,Carmarthenshire,540.7229489,354.03955,49557.15201,23995.6143,2.609103216,3,144872.2202,68417,173005,3832.04665,2024,7004,4236.465671,547.9503746,60197,58305,357.4683085
Local authority,E92000001,England,E12000004,East Midlands,E07000175,Newark and Sherwood,567.2344346,402.23502,49462.46469,16841.13265,2.60813637,2,114220.5629,41339,119901,5913.25875,2884.205622,5261,3908.079161,407.2025269,45906,43908,330.7815442
Local authority,E92000001,England,E12000008,South East,E07000093,Test Valley,514.555554,391.7614,49399.43968,24509.15145,2.700723795,2,122683.9308,62099,125169,5609.994267,3257.491455,8059,5140.972256,644.5037468,42709,40502,349.9989661
Local authority,S92000003,Scotland,S15000001,Scotland,S12000041,Angus,376.8291192,297.8926,49388.81759,24252.0197,3.825374564,3,230790.6915,121007,100403,4862.543488,3404.481423,14812,9768.452855,313.0503216,32652,31485,301.4054147
Local authority,E92000001,England,E12000009,South West,E07000189,South Somerset,528.2041993,343.88953,49254.15702,19486.4925,2.740850863,2,158027.6132,45731,167861,4274.3623,2095.3125,12538,9529.394588,551.3571166,57342,55319,367.3203949
Local authority,E92000001,England,E12000002,North West,E06000049,Cheshire East,417.4470855,316.66544,49237.2386,15061.25815,3.788885204,4,165363.9291,105144,376078,5951.092112,4009.191292,22943,14228.16676,473.2190246,140574,135627,329.8223253
Local authority,E92000001,England,E12000009,South West,E07000078,Cheltenham,283.7208439,260.15573,49108.16337,35272.52195,5.177120206,5,202612.8937,166515,117090,8019.475387,5025.233303,18314,13550.50853,357.3102736,38699,38029,247.0951517
Local authority,E92000001,England,E12000008,South East,E07000225,Chichester,604.9588316,361.87567,49070.9632,20368.64035,2.668126519,2,158757.3137,49501,119498,3471.456174,3068.639357,11017,8162.140187,712.7724752,38855,37012,497.1157495
Local authority,E92000001,England,E12000008,South East,E07000215,Tandridge,417.7856367,290.09136,49060.70516,19130.23435,3.313026047,3,203406.1745,99812,87496,3902.502349,2917.142857,8483,5735.75824,781.3725685,24876,24205,604.5168795
Local authority,E92000001,England,E12000006,East of England,E07000098,Hertsmere,341.465673,292.13867,48690.38087,30003.1063,4.92233735,4,223022.1538,202051,104205,6057.372149,4649.857328,13224,6058.945284,400.2758163,30600,29496,292.7622567
Local authority,E92000001,England,E12000005,West Midlands,E07000196,South Staffordshire,487.738764,394.781465,48680.28769,29103.12155,2.284866419,2,91889.9977,57477,110457,5690.547713,4005.969387,4838,3084.980834,637.1633844,38033,36907,337.8563651
Local authority,E92000001,England,E12000005,West Midlands,E06000019,"Herefordshire, County of",652.6260066,294.80755,48658.22831,18219.4097,3.985650058,4,162268.0945,100557,171937,4037.771943,2638.368698,10796,7390.132721,586.8498992,51167,48589,401.5047188
Local authority,E92000001,England,E12000004,East Midlands,E07000151,Daventry,565.3925184,290.006805,48282.82669,23384.9589,2.826684693,3,220747.7016,62346,84484,3607.890623,2148.0786,2714,1642.99587,882.7433436,29202,26747,349.6977386
Local authority,E92000001,England,E12000008,South East,E07000007,Wycombe,407.9777281,318.44305,48099.86698,19768.5099,3.978388155,3,172832.5887,86206,174641,5003.683789,2956.107385,16804,10228.86135,413.4602813,53606,52239,378.4200839
Local authority,E92000001,England,E12000009,South West,E06000054,Wiltshire,568.8680756,356.40356,47373.80753,19357.40535,2.79616433,2,149186.3046,59137,494302,5362.78112,2944.167494,30948,19940.29083,548.5556745,168974,161485,359.928402
Local authority,S92000003,Scotland,S15000001,Scotland,S12000026,Scottish Borders,349.7253255,226.8149,47196.74437,19227.78585,4.59162328,4,237981.74,108103,98388,2642.53315,1916.735043,17473,12744.63373,374.2514942,27214,26070,323.6988292
Local authority,E92000001,England,E12000002,North West,E08000004,Oldham,317.2107481,278.18878,46682.38551,24227.04775,5.021146008,5,208059.746,175974,235623,8688.492217,4595.631177,16482,10268.44445,249.9359654,81998,79619,145.845233
Local authority,E92000001,England,E12000002,North West,E08000009,Trafford,290.0945691,271.6413,46265.50188,38449.0081,5.274588327,5,212403.7688,180835,236370,7370.097357,4204.943125,22642,15800.86334,352.9376176,77851,77144,227.56058
Local authority,S92000003,Scotland,S15000001,Scotland,S12000017,Highland,635.7197325,282.86655,46163.16064,16438.4697,3.916845898,3,128212.0505,59236,189385,2636.336576,2271.984279,18598,11789.63107,595.1458109,63125,60947,365.9008545
Local authority,E92000001,England,E12000007,London,E09000013,Hammersmith and Fulham,266.029452,248.55583,45511.88737,27975.5219,5.753053014,5,264109.2661,195730,185426,21438.76826,20315.88361,73978,56596.07015,91.94202934,19502,19095,81.08434423
Local authority,E92000001,England,E12000003,Yorkshire and The Humber,E06000014,York,353.3074938,294.73542,45350.85168,19883.435,4.34505271,4,188520.6657,136994,209893,8081.500209,4211.93916,17370,11568.54097,277.0040824,68184,66817,233.0642507
Local authority,E92000001,England,E12000006,East of England,E07000146,King's Lynn and West Norfolk,565.7127259,359.02228,45082.90723,23123.7994,2.397525087,2,143221.0687,44353,151811,4890.595139,2360.552609,8997,5655.433432,624.9119003,57210,54160,440.2926315
Local authority,W92000004,Wales,W08000001,Wales,W06000020,Torfaen,310.3754256,258.984525,45028.41178,16285.6673,4.941357152,5,161321.8269,85959,93049,4250.699596,2575.769479,5891,3943.261208,285.2295779,35882,34736,213.2237853
Local authority,E92000001,England,E12000006,East of England,E07000143,Breckland,567.8113443,401.02927,45014.50844,19173.85335,2.440448137,2,128866.412,38221,135349,4689.661643,2891.022472,5624,3821.734406,686.7848627,47347,45518,402.8980674
Local authority,E92000001,England,E12000006,East of England,E07000147,North Norfolk,609.4854007,363.9258,45004.53044,16188.4127,2.228465599,2,148633.5689,40076,100363,3139.392625,2031.59061,6572,4919.391625,529.1992588,36206,34053,453.8627587
Local authority,E92000001,England,E12000009,South West,E07000045,Teignbridge,481.0562345,302.64502,44515.54531,18719.81065,3.201970259,3,137747.0517,53214,130367,3923.873793,2710.750327,11428,8430.796538,525.9633552,44303,41738,331.7365254
Local authority,E92000001,England,E12000009,South West,E07000188,Sedgemoor,515.7386781,368.09169,44169.35143,17876.1765,3.0035169,2,112157.0168,70317,122791,5746.877744,2957.099813,8585,5735.480259,470.2641506,40712,39314,316.9701698
Local authority,W92000004,Wales,W08000001,Wales,W06000023,Powys,968.9457272,346.55447,43606.23244,23247.08605,2.510347439,2,110337.0991,85811,112675,3079.839899,1874.452778,7078,4706.585296,558.9253515,32642,30755,412.8223506
Local authority,E92000001,England,E12000004,East Midlands,E07000134,North West Leicestershire,420.9162222,294.78296,43593.57487,19007.91245,3.347023624,3,189609.9126,80783.5,102126,3978.484605,2435,3484,2292.783968,487.1483931,38745,36310,308.3619015
Local authority,E92000001,England,E12000006,East of England,E07000144,Broadland,499.2538485,413.90457,43541.8721,30503.43555,1.97901264,1,120631.2786,46856,129464,4896.252633,3111.485507,5270,4081.301588,807.1769425,49081,48244,392.2742004
Local authority,E92000001,England,E12000008,South East,E07000228,Mid Sussex,354.3425665,297.32474,43477.16277,24897.62155,3.358183529,3,139899.312,105338,149716,4964.840237,3465.788313,13852,9182.734457,548.5313849,46299,45110,375.7168964
Local authority,E92000001,England,E12000004,East Midlands,E07000129,Blaby,337.3945393,289.20926,43465.91149,26144.0948,3.688233535,3,196926.5763,84341,100421,4365.513568,2596.360768,2991,1811.28843,339.6348081,39950,37916,284.6624949
Local authority,E92000001,England,E12000001,North East,E06000047,County Durham,402.6554104,317.05362,43419.16034,19181.102,3.115339043,3,137021.307,69440,520773,5137.72867,2949.301784,20602,12947.86494,265.9650617,208264,203016,188.2018962
Local authority,S92000003,Scotland,S15000001,Scotland,S12000045,East Dunbartonshire,458.6659035,336.46695,43327.70114,25015.2655,3.468744574,3,187848.948,122858,108330,6793.911358,5654.283503,10645,7367.766028,458.2546887,36236,35722,307.6840279
Local authority,E92000001,England,E12000003,Yorkshire and The Humber,E06000013,North Lincolnshire,433.4541516,322.02484,43143.14245,21879.83085,3.403979353,3,161401.6919,87033,172005,5013.719047,2583.747154,7990,5529.890071,325.1242738,65481,63084,342.4196447
Local authority,E92000001,England,E12000002,North West,E07000122,Pendle,333.6156223,301.345995,43039.45418,31861.53715,3.916420733,3,161011.0337,135428,91405,8501.349868,5790.600744,3501,2333.220803,273.8151615,35340,34188,162.9406832
Local authority,E92000001,England,E12000004,East Midlands,E07000033,Bolsover,303.0208446,244.2294,42800.59161,22352.3659,3.873859042,4,186430.0657,87044,79530,3179.971699,1840.581597,2446,1613.392375,380.0468553,32216,31068,254.3041592
Local authority,E92000001,England,E12000008,South East,E07000114,Thanet,304.7564787,252.671725,42447.06418,17416.26805,5.173208891,5,158683.5105,140060.5,141819,6328.380553,4548.255357,21119,16565.80903,203.4515626,45530,44884,226.8403733
Local authority,E92000001,England,E12000002,North West,E07000119,Fylde,393.5961988,294.53183,42079.99294,29284.6272,3.209911697,3,114898.6227,86979,79770,6385.935791,3308.893346,11692,9044.806538,284.5250441,27613,26533,286.9912037
Local authority,E92000001,England,E12000009,South West,E06000027,Torbay,302.4694257,249.65876,42040.8999,19419.34605,6.345683565,6,171364.9906,130716,135780,5332.212398,3638.342365,30050,23593.84163,357.6986713,42654,41564,259.9217231
Local authority,E92000001,England,E12000006,East of England,E07000149,South Norfolk,718.34585,467.661725,41800.68064,22567.12275,1.965104892,1,78327.95645,38325,138017,3970.323838,2903.248624,4576,3584.70521,792.0439909,47141,45609,500.7747751
Local authority,E92000001,England,E12000003,Yorkshire and The Humber,E08000032,Bradford,308.9314341,277.707565,41612.74514,18242.99635,5.234075917,5,199124.6705,152053,537173,8236.515711,4391.431087,37570,20378.11638,250.8133355,174400,164848,177.5605298
Local authority,E92000001,England,E12000006,East of England,E07000203,Mid Suffolk,696.5585233,434.08812,41482.89343,22075.93255,1.597990208,1,85086.59786,29360.5,102493,4157.327059,1713.203936,4448,3333.955893,914.1333568,32355,30883,516.2607522
Local authority,W92000004,Wales,W08000001,Wales,W06000005,Flintshire,469.5743439,302.96038,41457.30676,16836.9097,3.503566592,3,141060.8639,46050,155593,3824.869661,2772.579718,6338,3868.63244,383.5882566,57825,56078,302.4996396
Local authority,E92000001,England,E12000006,East of England,E07000145,Great Yarmouth,372.9117638,328.59094,40765.81635,18878.88815,2.986407747,3,92109.15504,68675,99370,6013.122588,4138.541959,7950,6259.337935,201.3628482,37726,35785,239.7152377
Local authority,E92000001,England,E12000008,South East,E07000105,Ashford,395.7806508,239.52661,40514.94404,19551.099,5.110823502,6,202043.8582,153208,128270,3522.360005,2672.310212,8486,5230.992253,631.2303693,40631,38619,356.0729381
Local authority,E92000001,England,E12000003,Yorkshire and The Humber,E08000034,Kirklees,274.03881,236.67909,40386.53611,16009.4299,5.894600205,5,211545.8993,123910,436835,4970.148335,2154.964035,28258,16551.57088,299.2057482,152700,143434,211.344808
Local authority,E92000001,England,E12000006,East of England,E07000242,East Hertfordshire,416.2510833,325.41205,40333.23202,18194.69475,3.131285485,3,122325.9022,59733,148105,5002.094036,3103.237709,13892,7525.145031,533.3650985,44388,42709,328.6445707
Local authority,S92000003,Scotland,S15000001,Scotland,S12000035,Argyll and Bute,697.9537421,420.6376,40046.92512,13625.1053,1.805582718,2,56309.00626,30934,66895,4071.914051,3344.05,15328,10399.27358,636.926999,18583,17194,481.9947806
Local authority,S92000003,Scotland,S15000001,Scotland,S12000028,South Ayrshire,335.0857628,250.58531,39760.58762,18303.19855,4.308051174,4,161217.5208,134942,108139,4047.081051,3465.759061,16260,11535.57104,392.8989643,35708,34862,333.0159531
Local authority,E92000001,England,E12000008,South East,E07000177,Cherwell,426.2875502,254.16432,39736.91605,24170.87205,4.577480898,5,192165.3355,165173,149161,3878.918211,2933.103602,9575,5521.456785,501.9047556,53918,51185,292.1834232
Local authority,E92000001,England,E12000004,East Midlands,E07000137,East Lindsey,1106.375787,502.95627,39722.31498,16096.403,1.720395792,1,57132.71265,26554,139647,5110.778627,3908.880092,8139,5683.21758,511.1388764,49740,47276,496.6526761
Local authority,E92000001,England,E12000008,South East,E07000108,Dover,412.3251833,328.82062,39708.05967,19936.0807,3.251123632,3,112514.5422,67696,115542,4994.846152,4514.480911,10168,7474.619685,334.115059,38174,37027,283.3819101
Local authority,E92000001,England,E12000002,North West,E07000120,Hyndburn,318.3792802,269.25824,39626.53884,22217.53205,4.776783594,5,187582.8072,150057,80815,5373.088063,4468.526304,4128,3049.060351,223.9265251,32299,31485,131.0877299
Local authority,E92000001,England,E12000008,South East,E07000005,Chiltern,419.7818272,339.75131,39482.92121,20735.13695,3.140870853,3,116920.2405,77910,95927,4860.586269,3444.459885,7387,4654.983305,688.3185833,31049,30310,567.1586408
Local authority,E92000001,England,E12000008,South East,E07000116,Tunbridge Wells,342.9714866,268.163195,39059.77697,21217.62935,4.652204701,4,167253.4267,120612,118054,4787.633743,3421.652044,13662,9574.75292,551.5755351,32248,30750,410.4357888
Local authority,E92000001,England,E12000006,East of England,E07000012,South Cambridgeshire,487.1117368,372.08734,38841.0031,26354.5862,1.777543963,1,69431.56657,36484,157519,3569.068044,2329.318183,5951,4194.660705,750.4125778,57552,55287,415.5711128
Local authority,E92000001,England,E12000004,East Midlands,E07000176,Rushcliffe,481.3865406,366.9564,38470.65415,26665.7889,2.851145892,2,201660.7931,70201,114962,6583.780482,3419.416413,7396,5071.562948,429.0386185,40705,38349,320.8817795
Local authority,E92000001,England,E12000008,South East,E07000087,Fareham,464.6504484,421.0285,38410.20951,21962.73215,2.534556809,2,112725.2196,69748,116339,11200.20831,7240.417104,7617,5110.757023,438.0389831,42488,41777,294.6697609
Local authority,E92000001,England,E12000008,South East,E07000004,Aylesbury Vale,454.1762894,381.263685,38222.61711,23538.82105,2.288355294,2,84966.60289,58921,199448,8845.233829,3940.637681,12947,8432.749979,476.1654025,65294,60955,315.7790896
Local authority,E92000001,England,E12000004,East Midlands,E07000174,Mansfield,286.5798517,243.34526,38062.25664,21894.1098,5.734595465,6,225371.9979,184330,108841,4171.046337,3455.403364,5296,3449.207903,289.568346,44101,42668,238.4798132
Local authority,E92000001,England,E12000004,East Midlands,E07000136,Boston,505.6470867,390.074985,37900.19682,21061.42865,2.664299502,2,122942.5133,60052.5,69366,5111.971075,4068.771003,4026,2806.726901,398.132678,23717,23131,340.6795765
Local authority,E92000001,England,E12000004,East Midlands,E07000039,South Derbyshire,488.9769646,349.887825,37243.58291,19859.89035,3.221672138,2,178091.5179,59152,104493,5351.20322,4742.586992,3431,2241.4238,493.3351159,38019,35158,270.3729501
Local authority,E92000001,England,E12000003,Yorkshire and The Humber,E08000033,Calderdale,321.8012964,268.47717,37222.53757,15067.85735,4.602549482,5,158763.691,119735,208485,5011.293944,2960.862664,16590,8967.420934,331.3200726,70607,65607,200.3606642
Local authority,W92000004,Wales,W08000001,Wales,W06000021,Monmouthshire,444.0181414,313.34485,37038.67465,20886.9014,2.613771121,2,97446.4488,70054,83801,3310.225707,2258.758062,5469,3544.035014,607.4049793,29251,27800,346.2727555
Local authority,S92000003,Scotland,S15000001,Scotland,S12000048,Perth and Kinross,431.651807,303.36942,36940.49014,22551.79725,2.825328059,2,163311.6941,67803,143401,5214.062642,3102.878244,19399,12830.99741,515.1442218,39472,37963,407.2996535
Local authority,E92000001,England,E12000008,South East,E07000064,Rother,449.2477999,307.784015,36688.63611,18780.08875,3.589091411,3,177678.6461,66421,95656,3598.488908,2533.55676,12112,8415.247864,581.5525804,29045,27839,570.2294911
Local authority,E92000001,England,E12000004,East Midlands,E07000142,West Lindsey,822.9183516,422.03957,36646.85634,21215.7978,1.909219858,1,59792.30488,31181,94869,4368.179,2479.520247,3268,2163.860827,748.1077303,34836,33651,419.3151548
Local authority,E92000001,England,E12000006,East of England,E07000200,Babergh,534.3164489,342.589155,36617.01747,20032.75275,2.884800704,2,129187.3006,38038,91401,3818.789501,2379.672414,3959,3071.539177,723.5318897,30112,28968,407.9944706
Local authority,E92000001,England,E12000008,South East,E07000065,Wealden,533.5618375,418.91766,36561.70438,19248.177,2.269965225,2,87396.83119,45041,157191,4782.041058,3911.814479,10087,6903.562051,978.4940006,50122,47465,587.168721
Local authority,E92000001,England,E12000004,East Midlands,E07000141,South Kesteven,563.2365661,355.75977,36403.38366,26174.5204,2.553552126,2,105263.7467,52173,141853,6714.364092,3448.907732,6562,4907.281509,363.0316812,53332,51648,340.1641539
Local authority,E92000001,England,E12000008,South East,E07000229,Worthing,343.7442719,328.0259,36185.75278,26402.9758,4.149434195,4,130246.9866,117142,110025,9519.900394,7628.453517,16147,10383.63886,234.3108272,32285,31823,250.1618097
Local authority,S92000003,Scotland,S15000001,Scotland,S12000020,Moray,352.5871326,252.66974,35965.79172,22256.53395,3.472486708,3,119170.8088,116804,86743,3790.369069,2549.413131,6700,4622.907463,368.2904724,29696,28621,296.9912926
Local authority,E92000001,England,E12000006,East of England,E07000009,East Cambridgeshire,619.0960431,392.745255,35858.71306,21943.13905,2.404954666,2,90802.73818,36466,89362,4673.818462,2562.144507,3321,2344.280314,536.1603446,31639,29810,371.7398579
Local authority,S92000003,Scotland,S15000001,Scotland,S12000034,Aberdeenshire,656.9001808,382.419915,35586.67324,19384.4747,2.128872251,2,87917.47064,44064,225497,5105.963489,3711.058824,15579,11205.53281,471.1273798,74395,71444,354.8596326
Local authority,W92000004,Wales,W08000001,Wales,W06000012,Neath Port Talbot,390.3140064,308.390075,35178.60791,22181.35755,2.909071913,2,108834.7505,66911,142906,5204.097333,2881.903727,7802,5277.105965,299.6549669,55404,54097,239.8432856
Local authority,E92000001,England,E12000002,North West,E07000027,Barrow-in-Furness,319.0307375,252.314745,35093.32481,16820.038,6.098273071,6,229809.2626,238929.5,67137,5731.743064,2802.90595,3945,2767.844745,189.4726029,29163,28354,245.6556531
Local authority,E92000001,England,E12000005,West Midlands,E06000051,Shropshire,548.0977424,343.07216,34808.47936,21753.8661,2.748906074,3,90101.93137,60286,292291,4315.901571,2787.502392,15664,9616.50219,569.9352012,97814,92772,373.4640795
Local authority,W92000004,Wales,W08000001,Wales,W06000013,Bridgend,448.4119954,348.83377,34036.59562,20288.9286,2.649527036,2,94966.24904,73005,144876,5549.44147,3623.053375,6845,4925.060386,271.9755855,55059,53096,213.0889759
Local authority,E92000001,England,E12000008,South East,E07000063,Lewes,469.789264,312.75708,33761.69768,23759.24215,3.435818209,4,128076.6321,82882,102744,5606.429443,3743.491691,9512,5743.626502,401.9996661,33232,32273,368.858935
Local authority,E92000001,England,E12000008,South East,E06000046,Isle of Wight,393.6761105,294.12665,33735.0675,19862.7036,4.040715176,3,117830.6722,104624,140298,4499.951236,3483.226805,20128,15378.37443,462.7378023,49818,47686,353.555562
Local authority,E92000001,England,E12000009,South West,E07000187,Mendip,472.9897839,362.387895,33487.88601,18200.7682,2.818286574,3,78619.82236,54308,114881,5359.656958,2239.906206,7996,5806.511072,501.6459263,37543,36124,335.9207145
Local authority,W92000004,Wales,W08000001,Wales,W06000003,Conwy,393.8549912,318.487,33414.70344,14400.91325,3.039616805,3,99672.94417,59171.5,108791,4432.064463,2812.007829,11905,8833.671461,291.0612948,38098,37242,305.961486
Local authority,E92000001,England,E12000008,South East,E07000223,Adur,289.8487286,255.15486,33347.94058,18800.5657,5.000997993,5,129540.9659,107856,63869,5361.115002,4698.27834,6661,4018.806605,255.947973,21386,21104,233.3438593
Local authority,E92000001,England,E12000005,West Midlands,E07000239,Wyre Forest,425.4217637,323.88142,32987.56419,18501.17205,4.287677783,4,145787.7394,123948,99516,5883.782261,4695.999601,6641,3615.020771,368.2488935,36942,35950,284.3023768
Local authority,E92000001,England,E12000004,East Midlands,E07000171,Bassetlaw,501.4601186,348.90973,32943.83298,24834.29565,3.014223319,3,109220.8938,70209,116839,5798.608446,2692.156481,5136,3821.393462,434.8377801,44044,42828,329.5732022
Local authority,E92000001,England,E12000008,South East,E07000224,Arun,363.3776921,303.30678,32336.82214,25176.49485,3.655530723,3,106397.7098,92280,159827,6632.034118,3848.623356,17487,12972.79836,325.3848302,55290,54175,278.6993257
Local authority,E92000001,England,E12000008,South East,E07000106,Canterbury,391.5980844,310.7298,32016.71333,18227.65775,4.050509455,4,102042.3372,86416,164553,5977.439515,3993.165475,14595,10044.47445,326.096326,47987,46099,315.6706137
Local authority,E92000001,England,E12000007,London,E09000019,Islington,234.4758562,204.96341,31910.87529,6556.7915,11.03587892,11,306315.8139,151366,239142,14413.03685,10025.4054,93986,62627.41597,126.1819308,15357,14683,81.53237273
Local authority,E92000001,England,E12000004,East Midlands,E07000139,North Kesteven,646.7577919,381.4774,31775.98824,22866.6977,2.070759921,1,60873.6656,42329,115985,5022.398738,3255.937187,3536,2561.595018,691.1100141,45230,43965,371.9509411
Local authority,E92000001,England,E12000008,South East,E07000180,Vale of White Horse,520.8640649,353.47986,31682.48006,22505.366,3.63036481,2,103802.7799,57959,133732,4770.240941,3190.514286,9218,6077.083197,538.2094361,45392,43046,379.0111581
Local authority,E92000001,England,E12000002,North West,E07000117,Burnley,270.9990509,233.72516,31521.24367,20954.27125,5.881257791,6,225829.6127,197900,88527,4473.139054,3081.976299,4550,2851.761454,282.9534529,36595,35703,152.6952682
Local authority,E92000001,England,E12000006,East of England,E07000067,Braintree,402.6109274,301,31287.49395,17484.2839,2.980883448,3,97255.94642,74397,151561,5361.073113,3327.303594,9823,6148.175698,477.016369,48901,46883,337.1488767
Local authority,E92000001,England,E12000004,East Midlands,E07000131,Harborough,545.6430586,337.48038,31067.99577,23116.71045,2.79387399,2,91810.56791,49654,92499,3757.929265,2913.615385,3621,2360.748146,556.7446226,32806,29788,329.8588489
Local authority,E92000001,England,E12000009,South West,E07000040,East Devon,476.0404709,318.05266,31038.51051,13543.6871,3.493151936,3,106411.4722,54868,138095,3830.656182,2345.037764,11957,8604.118089,536.5173917,45085,43126,412.3325244
Local authority,E92000001,England,E12000003,Yorkshire and The Humber,E06000011,East Riding of Yorkshire,574.3715894,394.0457,31000.44507,20783.28575,2.680487756,2,85598.94825,47557,339614,5169.833932,3569.228072,16936,11786.09087,334.6757214,131516,125964,325.788103
Local authority,E92000001,England,E12000009,South West,E06000022,Bath and North East Somerset,329.3003406,263.15489,30825.04612,17431.77035,4.999364496,4,149461.4066,102674,192106,5294.276737,2547.791667,21245,15574.0461,306.369601,58375,56134,303.454698
Local authority,E92000001,England,E12000003,Yorkshire and The Humber,E07000166,Richmondshire,403.9018041,289.29224,30213.71683,17230.781,3.585519704,2,105625.5989,40139,44331,2292.830053,1322,2534,1613.334579,525.4360775,14060,13524,281.802669
Local authority,E92000001,England,E12000009,South West,E07000083,Tewkesbury,465.4904052,336.13536,29826.43027,19693.5616,2.893197062,3,89917.03646,70314,92599,4470.652921,2656.648551,6787,4944.20682,741.9338391,32045,30863,355.1706511
Local authority,E92000001,England,E12000006,East of England,E07000244,East Suffolk,453.9599031,310.62517,29364.14728,22126.97755,3.219080458,3,112608.1897,75460,246052,5028.059423,2638.549886,15006,10678.23164,513.7794558,91589,88952,359.2023458
Local authority,S92000003,Scotland,S15000001,Scotland,S12000023,Orkney Islands,545.7731626,402.305985,28837.52054,18307.0643,1.634880581,2,45974.68888,59229,11770,7003.702445,4756.851387,983,533.0635469,516.0581956,4430,4121,389.9324672
Local authority,E92000001,England,E12000008,South East,E07000094,Winchester,458.7667536,323.99228,28751.50143,19475.0951,3.203034459,3,94107.54686,60480.5,124295,3882.572144,2401.735759,10386,6801.060411,772.4001526,37238,34279,459.4716334
Local authority,S92000003,Scotland,S15000001,Scotland,S12000005,Clackmannanshire,334.1643799,245.2937,28732.82822,23904.802,3.491040393,3,98738.48813,84481,50895,4467.785095,2918.46177,7370,6135.281246,336.200742,17474,17154,244.0338977
Local authority,E92000001,England,E12000005,West Midlands,E07000238,Wychavon,503.3378178,338.78165,28337.49173,16629.51525,3.49612306,3,102930.2645,61691,126026,4134.822818,2443.003723,8382,6067.142428,705.6272382,41293,39615,415.8515575
Local authority,E92000001,England,E12000002,North West,E07000121,Lancaster,379.4833516,241.11823,27895.22694,17268.95825,5.694961385,6,200825.9978,94495,139841,4847.375099,3821.395402,12941,8576.018145,203.3143737,46924,45112,203.3920919
Local authority,E92000001,England,E12000006,East of England,E07000010,Fenland,573.3520894,393.08014,27764.64008,21482.14085,2.684571918,2,78510.81281,69168,101491,9732.837659,3287.05927,4370,2541.840364,401.5524028,37596,36386,345.8210865
Local authority,E92000001,England,E12000004,East Midlands,E07000035,Derbyshire Dales,584.8522369,300.12332,27544.58425,13562.42085,2.584734473,2,70499.40231,29591,70256,2671.834544,1426.723297,3998,2616.827938,523.0279016,23533,22260,426.9057402
Local authority,E92000001,England,E12000005,West Midlands,E07000193,East Staffordshire,445.6508292,360.7125,27316.82916,14451.60795,3.567133276,3,104908.141,77413,117324,5550.684873,2822.756079,7441,5110.057134,352.5008938,41141,39533,278.6058349
Local authority,W92000004,Wales,W08000001,Wales,W06000001,Isle of Anglesey,751.6787404,426.70187,27148.00172,12636.85685,2.073174894,2,69889.42767,24522,63582,3305.2353,1447.30102,3758,2608.144608,579.1830848,22681,21819,404.8443476
Local authority,E92000001,England,E12000003,Yorkshire and The Humber,E07000163,Craven,460.1287155,280.27307,26578.38579,15962.7035,3.480666842,3,82991.82105,41011,55188,3657.534372,1877.017544,3945,2727.079793,400.450432,18471,17255,247.2765551
Local authority,E92000001,England,E12000009,South West,E07000080,Forest of Dean,507.4325318,369.55715,26302.31163,22021.51525,2.198266391,2,61422.52531,38271.5,85148,2631.614503,1846.925373,4194,2908.185099,833.1493353,28994,26701,452.2542339
Local authority,E92000001,England,E12000005,West Midlands,E07000221,Stratford-on-Avon,629.1537949,381.07742,25966.96331,16031.18165,2.687970065,2,65232.76808,35834,126241,3216.0132,2144.861064,8369,5684.489941,752.2817073,42512,39978,399.9107444
Local authority,E92000001,England,E12000004,East Midlands,E07000140,South Holland,659.4313761,418.92242,25610.44926,17631.2408,2.027758883,2,47318.27486,30912,93980,5918.387536,3564.868881,2573,1890.699633,594.6111151,34455,33343,457.9822154
Local authority,E92000001,England,E12000009,South West,E06000052,Cornwall,526.9522326,325.94323,24427.20558,13016.711,3.157977077,3,82208.12436,43899,545287,3982.344194,2688.713575,45802,32745.50525,485.1323632,177937,168710,338.8267388
Local authority,S92000003,Scotland,S15000001,Scotland,S12000006,Dumfries and Galloway,293.7561774,233.62363,24231.31791,15934.75035,5.135295955,4,132675.9981,89931,115347,2397.791276,2145.388928,12500,9782.211104,417.1304254,40058,38516,326.4678235
Local authority,E92000001,England,E12000002,North West,E07000031,South Lakeland,449.8493118,322.94736,24129.58332,18478.64055,2.992439975,2,82005.81963,50171,98267,3737.802875,2807.657461,9593,5887.163044,530.9741122,31882,29803,298.8395402
Local authority,E92000001,England,E12000009,South West,E07000043,North Devon,440.3469735,316.95585,23857.65129,12189.91555,3.273366281,3,68364.70368,51185,94053,3897.646177,2387,9361,6741.09029,480.5406572,29629,27919,309.8689093
Local authority,E92000001,England,E12000002,North West,E07000124,Ribble Valley,395.7621268,282.536695,23849.33772,12533.20355,3.655174042,2,99872.59095,32847,58752,3593.957566,1703.394284,2343,1467.028714,410.7788906,21069,19758,292.7257319
Local authority,E92000001,England,E12000009,South West,E07000246,Somerset West and Taunton,458.878656,307.5386,23045.49552,16625.5848,3.186699087,3,76531.13107,61852,151239,4255.390939,2659.728814,12958,9406.650098,522.4617337,47501,46050,319.7155233
Local authority,E92000001,England,E12000002,North West,E07000125,Rossendale,340.5407367,266.0075,20433.60687,13952.5529,3.669772013,4,76523.74334,90878,70895,4214.747395,2782.497752,4257,2853.705842,276.835939,26833,25060,204.2441789
Local authority,W92000004,Wales,W08000001,Wales,W06000008,Ceredigion,989.0241236,391.910235,19686.21716,19114.66825,1.821486327,1,44803.58656,27515,62352,4447.571736,1983.251844,5094,3473.85244,432.6803872,16049,15176,442.6908933
Local authority,S92000003,Scotland,S15000001,Scotland,S12000027,Shetland Islands,573.6102518,379.72885,18582.10466,30795.4861,1.458308874,2,27507.3603,49288,10694,7224.33458,10514.54047,1003,714.4713126,303.3243113,3405,3219,381.4191605
Local authority,E92000001,England,E12000003,Yorkshire and The Humber,E07000164,Hambleton,669.3832701,372.26334,18164.97802,15836.48815,2.238538678,2,40469.20785,30215,88292,3347.272829,1984.615138,3461,2128.047213,651.9618354,29929,28200,382.4118808
Local authority,E92000001,England,E12000003,Yorkshire and The Humber,E07000167,Ryedale,987.0276945,494.8414,17983.71748,14233.45215,2.037182012,1,43459.19778,28636,51197,3910.958944,2126.170732,2634,1720.287495,556.6029657,16371,15000,418.2604708
Local authority,E92000001,England,E12000003,Yorkshire and The Humber,E07000169,Selby,543.6966719,352.69744,17442.19476,16447.21715,2.792180951,2,45287.65718,33849,89106,3033.889442,1764.783557,4228,2856.260173,614.8178338,32275,30702,326.2647737
Local authority,W92000004,Wales,W08000001,Wales,W06000009,Pembrokeshire,662.4252941,410.952515,17040.8144,13286.4222,2.286618964,2,39380.92794,27251,116557,3709.965108,1993.65785,9505,6650.100319,594.3595469,39343,37718,396.0185262
Local authority,E92000001,England,E12000002,North West,E07000029,Copeland,307.2117733,253.66316,16794.4635,12607.65545,2.864748591,3,45308.57463,46608,64855,2704.262379,2039.190178,3027,2107.998622,411.9416732,25543,24643,405.5159503
Local authority,E92000001,England,E12000009,South West,E07000044,South Hams,749.8258718,370.480065,16416.18399,12264.556,1.922911566,2,35224.42445,25297,78766,5958.487232,2527.424242,6200,4297.880166,663.7507825,25846,24107,364.4389628
Local authority,S92000003,Scotland,S15000001,Scotland,S12000013,Na h-Eileanan Siar,486.8765938,333.06381,10152.68902,11502.91765,4.208122446,6,42758.66197,72969,8703,2235.958236,985.3707094,895,592.4778494,422.8213547,3438,3337,656.7350514
Local authority,E92000001,England,E12000007,London,E09000001,City of London,220.366868,266.72642,4233.028634,1112.5646,11.42420493,11,54884.39388,47737,8706,4413.174487,998.3387031,7587,530.7818682,183.0241144,74,20,12.19008152
Local authority,E92000001,England,E12000009,South West,E06000053,Isles of Scilly,193.2784156,134.3019,1954.849417,1427.248,2.956521739,3,20857,21729,2242,2591.650284,3216.782609,336,252.1854305,520.9533588,344,306,360.9811558
